timestamp_utc,email_type,subject,recipient_count,recipients,status
2026-07-16T19:33:04+00:00,gk_report,WWCC Morning Briefing - 16 July 2026,2,andrew@bidgeepumps.com.au; brenton@waggaproturf.com.au,sent (202)
2026-07-16T20:52:44+00:00,lake_report,Lake Albert Daily Report - 17 Jul 2026,3,andrew@bidgeepumps.com.au; brenton@waggaproturf.com.au; manager@wwcc.com.au,sent (202)
2026-07-17T19:30:50+00:00,gk_report,WWCC Morning Briefing - 17 July 2026,2,andrew@bidgeepumps.com.au; brenton@waggaproturf.com.au,sent (202)
2026-07-17T20:48:51+00:00,lake_report,Lake Albert Daily Report - 18 Jul 2026,3,andrew@bidgeepumps.com.au; brenton@waggaproturf.com.au; manager@wwcc.com.au,sent (202)
2026-07-18T19:22:11+00:00,gk_report,WWCC Morning Briefing - 18 July 2026,2,andrew@bidgeepumps.com.au; brenton@waggaproturf.com.au,sent (202)
2026-07-18T20:41:01+00:00,lake_report,Lake Albert Daily Report - 19 Jul 2026,3,andrew@bidgeepumps.com.au; brenton@waggaproturf.com.au; manager@wwcc.com.au,sent (202)
2026-07-19T19:29:12+00:00,gk_report,WWCC Morning Briefing - 19 July 2026,2,andrew@bidgeepumps.com.au; brenton@waggaproturf.com.au,sent (202)
2026-07-19T19:29:13+00:00,gk_report,WWCC Weekly Weather Summary - 19 July 2026,3,andrew@bidgeepumps.com.au; brenton@waggaproturf.com.au; andrew@bidgeepumps.com.au,sent (202)
2026-07-19T20:41:00+00:00,lake_report,Lake Albert Daily Report - 20 Jul 2026,3,andrew@bidgeepumps.com.au; brenton@waggaproturf.com.au; manager@wwcc.com.au,sent (202)
2026-07-19T20:41:00+00:00,lake_report,Lake Albert Weekly Report - 13 Jul-19 Jul 2026,3,andrew@bidgeepumps.com.au; brenton@waggaproturf.com.au; manager@wwcc.com.au,sent (202)
2026-07-20T19:54:57+00:00,gk_report,WWCC Morning Briefing - 20 July 2026,2,andrew@bidgeepumps.com.au; brenton@waggaproturf.com.au,sent (202)
2026-07-20T21:06:41+00:00,lake_report,Lake Albert Daily Report - 21 Jul 2026,3,andrew@bidgeepumps.com.au; brenton@waggaproturf.com.au; manager@wwcc.com.au,sent (202)
2026-07-21T19:49:06+00:00,gk_report,WWCC Morning Briefing - 21 July 2026,2,andrew@bidgeepumps.com.au; brenton@waggaproturf.com.au,sent (202)
2026-07-21T21:01:59+00:00,lake_report,Lake Albert Daily Report - 22 Jul 2026,3,andrew@bidgeepumps.com.au; brenton@waggaproturf.com.au; manager@wwcc.com.au,sent (202)
2026-07-22T19:40:55+00:00,gk_report,WWCC Morning Briefing - 22 July 2026,2,andrew@bidgeepumps.com.au; brenton@waggaproturf.com.au,sent (202)
2026-07-22T21:00:19+00:00,lake_report,Lake Albert Daily Report - 23 Jul 2026,3,andrew@bidgeepumps.com.au; brenton@waggaproturf.com.au; manager@wwcc.com.au,sent (202)
2026-07-23T19:43:07+00:00,gk_report,WWCC Morning Briefing - 23 July 2026,2,andrew@bidgeepumps.com.au; brenton@waggaproturf.com.au,sent (202)
2026-07-23T20:57:34+00:00,lake_report,Lake Albert Daily Report - 24 Jul 2026,3,andrew@bidgeepumps.com.au; brenton@waggaproturf.com.au; manager@wwcc.com.au,sent (202)
2026-07-24T19:44:33+00:00,gk_report,WWCC Morning Briefing - 24 July 2026,2,andrew@bidgeepumps.com.au; brenton@waggaproturf.com.au,sent (202)
2026-07-24T20:57:25+00:00,lake_report,Lake Albert Daily Report - 25 Jul 2026,3,andrew@bidgeepumps.com.au; brenton@waggaproturf.com.au; manager@wwcc.com.au,sent (202)
2026-07-25T19:32:15+00:00,gk_report,WWCC Morning Briefing - 25 July 2026,2,andrew@bidgeepumps.com.au; brenton@waggaproturf.com.au,sent (202)
2026-07-25T20:43:38+00:00,lake_report,Lake Albert Daily Report - 26 Jul 2026,3,andrew@bidgeepumps.com.au; brenton@waggaproturf.com.au; manager@wwcc.com.au,sent (202)
2026-07-26T19:32:14+00:00,gk_report,WWCC Morning Briefing - 26 July 2026,2,andrew@bidgeepumps.com.au; brenton@waggaproturf.com.au,sent (202)
2026-07-26T19:32:15+00:00,gk_report,WWCC Weekly Weather Summary - 26 July 2026,2,andrew@bidgeepumps.com.au; brenton@waggaproturf.com.au,sent (202)
2026-07-26T20:52:33+00:00,lake_report,Lake Albert Daily Report - 27 Jul 2026,3,andrew@bidgeepumps.com.au; brenton@waggaproturf.com.au; manager@wwcc.com.au,sent (202)
2026-07-26T20:52:34+00:00,lake_report,Lake Albert Weekly Report - 20 Jul-26 Jul 2026,3,andrew@bidgeepumps.com.au; brenton@waggaproturf.com.au; manager@wwcc.com.au,sent (202)
2026-07-26T21:03:58+00:00,board_report,Weekly Board Weather and Water Update - 27 July 2026,,board list (row reconstructed - runner commit was lost),sent (202)
2026-07-26T21:57:30+00:00,board_report,Weekly Board Weather and Water Update - 27 July 2026,,board list (duplicate send - guard was lost by the same bug),sent (202)
2026-07-27T19:51:59+00:00,gk_report,WWCC Morning Briefing - 27 July 2026,2,andrew@bidgeepumps.com.au; brenton@waggaproturf.com.au,sent (202)
2026-07-27T21:05:49+00:00,lake_report,Lake Albert Daily Report - 28 Jul 2026,3,andrew@bidgeepumps.com.au; brenton@waggaproturf.com.au; manager@wwcc.com.au,sent (202)
2026-07-28T19:50:05+00:00,gk_report,WWCC Morning Briefing - 28 July 2026,2,andrew@bidgeepumps.com.au; brenton@waggaproturf.com.au,sent (202)
2026-07-28T21:03:09+00:00,lake_report,Lake Albert Daily Report - 29 Jul 2026,3,andrew@bidgeepumps.com.au; brenton@waggaproturf.com.au; manager@wwcc.com.au,sent (202)
2026-07-29T19:40:21+00:00,gk_report,WWCC Morning Briefing - 29 July 2026,2,andrew@bidgeepumps.com.au; brenton@waggaproturf.com.au,sent (202)
2026-07-29T20:49:56+00:00,lake_report,Lake Albert Daily Report - 30 Jul 2026,3,andrew@bidgeepumps.com.au; brenton@waggaproturf.com.au; manager@wwcc.com.au,sent (202)
2026-07-30T19:48:48+00:00,gk_report,WWCC Morning Briefing - 30 July 2026,2,andrew@bidgeepumps.com.au; brenton@waggaproturf.com.au,sent (202)
2026-07-30T19:48:48+00:00,gk_report,URGENT - Water Meter Reading Required - July 2026,2,andrew@bidgeepumps.com.au; brenton@waggaproturf.com.au,sent (202)
2026-07-30T21:02:32+00:00,lake_report,Lake Albert Daily Report - 31 Jul 2026,3,andrew@bidgeepumps.com.au; brenton@waggaproturf.com.au; manager@wwcc.com.au,sent (202)
2026-07-31T20:59:28+00:00,lake_report,Lake Albert Monthly Report - July 2026,3,andrew@bidgeepumps.com.au; brenton@waggaproturf.com.au; manager@wwcc.com.au,sent (202)
2026-08-01T12:19:01+00:00,gk_report,[TEST] WWCC Monthly Weather Summary - July 2026,1,andrew@bidgeepumps.com.au,sent (202)
2026-08-01T19:31:35+00:00,gk_report,WWCC Monthly Weather Summary - July 2026,2,andrew@bidgeepumps.com.au; brenton@waggaproturf.com.au,sent (202)
2026-08-02T19:31:12+00:00,gk_report,WWCC Weekly Weather Summary - 2 August 2026,2,andrew@bidgeepumps.com.au; brenton@waggaproturf.com.au,sent (202)
2026-08-02T20:48:09+00:00,lake_report,Lake Albert Weekly Report - 27 Jul-2 Aug 2026,3,andrew@bidgeepumps.com.au; brenton@waggaproturf.com.au; manager@wwcc.com.au,sent (202)
2026-08-02T21:01:25+00:00,board_report,Weekly Board Weather and Water Update - 3 August 2026,2,andrew@bidgeepumps.com.au; brenton@waggaproturf.com.au,sent (202)
2026-08-09T18:58:42+00:00,gk_report,WWCC Weekly Weather Summary - 9 August 2026,2,andrew@bidgeepumps.com.au; brenton@waggaproturf.com.au,sent (202)
2026-08-09T20:25:33+00:00,lake_report,Lake Albert Weekly Report - 3 Aug-9 Aug 2026,3,andrew@bidgeepumps.com.au; brenton@waggaproturf.com.au; manager@wwcc.com.au,sent (202)
2026-08-09T20:39:07+00:00,board_report,Weekly Board Weather and Water Update - 10 August 2026,2,andrew@bidgeepumps.com.au; brenton@waggaproturf.com.au,sent (202)
2026-08-09T23:29:43+00:00,pump_alert,PUMP STATION FAULT - Alarm appeared,2,andrew@bidgeepumps.com.au; brenton@waggaproturf.com.au,sent (202)
2026-08-09T23:29:43+00:00,pump_alert,PUMP STATION FAULT - Alarm appeared,2,andrew@bidgeepumps.com.au; brenton@waggaproturf.com.au,sent (202)
2026-08-09T23:29:43+00:00,pump_alert,PUMP STATION FAULT - Alarm appeared,2,andrew@bidgeepumps.com.au; brenton@waggaproturf.com.au,sent (202)
2026-08-09T23:34:22+00:00,pump_alert,PUMP STATION FAULT - Alarm appeared,2,andrew@bidgeepumps.com.au; brenton@waggaproturf.com.au,sent (202)
2026-08-09T23:34:22+00:00,pump_alert,PUMP STATION FAULT - Alarm appeared,2,andrew@bidgeepumps.com.au; brenton@waggaproturf.com.au,sent (202)
2026-08-09T23:34:23+00:00,pump_alert,PUMP STATION FAULT - Alarm appeared,2,andrew@bidgeepumps.com.au; brenton@waggaproturf.com.au,sent (202)
2026-08-10T01:55:23+00:00,pump_alert,PUMP STATION FAULT - Pressure high,2,andrew@bidgeepumps.com.au; brenton@waggaproturf.com.au,sent (202)
2026-08-10T02:00:08+00:00,pump_alert,PUMP STATION CLEARED - Pressure high,2,andrew@bidgeepumps.com.au; brenton@waggaproturf.com.au,sent (202)
2026-08-10T06:02:46+00:00,pump_alert,PUMP STATION REMINDER - Limit 1 exceeded still active,2,andrew@bidgeepumps.com.au; brenton@waggaproturf.com.au,sent (202)
2026-08-10T07:00:05+00:00,pump_alert,PUMP STATION OFFLINE - 10 Aug 2026 4:40 PM AEST,2,andrew@bidgeepumps.com.au; brenton@waggaproturf.com.au,sent (202)
2026-08-10T09:04:35+00:00,pump_alert,PUMP STATION - Connection Restored,2,andrew@bidgeepumps.com.au; brenton@waggaproturf.com.au,sent (202)
2026-08-10T12:05:41+00:00,pump_alert,PUMP STATION REMINDER - Limit 1 exceeded still active,2,andrew@bidgeepumps.com.au; brenton@waggaproturf.com.au,sent (202)
2026-08-10T18:08:43+00:00,pump_alert,PUMP STATION REMINDER - Limit 1 exceeded still active,2,andrew@bidgeepumps.com.au; brenton@waggaproturf.com.au,sent (202)
2026-08-11T00:10:02+00:00,pump_alert,PUMP STATION REMINDER - Limit 1 exceeded still active,2,andrew@bidgeepumps.com.au; brenton@waggaproturf.com.au,sent (202)
2026-08-11T06:14:31+00:00,pump_alert,PUMP STATION REMINDER - Limit 1 exceeded still active,2,andrew@bidgeepumps.com.au; brenton@waggaproturf.com.au,sent (202)
2026-08-11T12:15:39+00:00,pump_alert,PUMP STATION REMINDER - Limit 1 exceeded still active,2,andrew@bidgeepumps.com.au; brenton@waggaproturf.com.au,sent (202)
2026-08-11T18:18:07+00:00,pump_alert,PUMP STATION REMINDER - Limit 1 exceeded still active,2,andrew@bidgeepumps.com.au; brenton@waggaproturf.com.au,sent (202)
2026-08-12T00:18:37+00:00,pump_alert,PUMP STATION REMINDER - Limit 1 exceeded still active,2,andrew@bidgeepumps.com.au; brenton@waggaproturf.com.au,sent (202)
2026-08-12T06:21:15+00:00,pump_alert,PUMP STATION REMINDER - Limit 1 exceeded still active,2,andrew@bidgeepumps.com.au; brenton@waggaproturf.com.au,sent (202)
2026-08-12T12:23:58+00:00,pump_alert,PUMP STATION REMINDER - Limit 1 exceeded still active,2,andrew@bidgeepumps.com.au; brenton@waggaproturf.com.au,sent (202)
2026-08-12T18:27:22+00:00,pump_alert,PUMP STATION REMINDER - Limit 1 exceeded still active,2,andrew@bidgeepumps.com.au; brenton@waggaproturf.com.au,sent (202)
2026-08-12T19:17:37+00:00,gk_report,URGENT REMINDER - WaterNSW Meter Reading Due Tomorrow - July 2026,2,andrew@bidgeepumps.com.au; brenton@waggaproturf.com.au,sent (202)
2026-08-13T00:28:31+00:00,pump_alert,PUMP STATION REMINDER - Limit 1 exceeded still active,2,andrew@bidgeepumps.com.au; brenton@waggaproturf.com.au,sent (202)
2026-08-13T06:30:05+00:00,pump_alert,PUMP STATION REMINDER - Limit 1 exceeded still active,2,andrew@bidgeepumps.com.au; brenton@waggaproturf.com.au,sent (202)
2026-08-13T12:32:18+00:00,pump_alert,PUMP STATION REMINDER - Limit 1 exceeded still active,2,andrew@bidgeepumps.com.au; brenton@waggaproturf.com.au,sent (202)
2026-08-13T18:32:35+00:00,pump_alert,PUMP STATION REMINDER - Limit 1 exceeded still active,2,andrew@bidgeepumps.com.au; brenton@waggaproturf.com.au,sent (202)
2026-08-14T00:33:36+00:00,pump_alert,PUMP STATION REMINDER - Limit 1 exceeded still active,2,andrew@bidgeepumps.com.au; brenton@waggaproturf.com.au,sent (202)
2026-08-14T06:35:35+00:00,pump_alert,PUMP STATION REMINDER - Limit 1 exceeded still active,2,andrew@bidgeepumps.com.au; brenton@waggaproturf.com.au,sent (202)
2026-08-14T12:38:56+00:00,pump_alert,PUMP STATION REMINDER - Limit 1 exceeded still active,2,andrew@bidgeepumps.com.au; brenton@waggaproturf.com.au,sent (202)
2026-08-14T18:40:45+00:00,pump_alert,PUMP STATION REMINDER - Limit 1 exceeded still active,2,andrew@bidgeepumps.com.au; brenton@waggaproturf.com.au,sent (202)
2026-08-15T00:45:18+00:00,pump_alert,PUMP STATION REMINDER - Limit 1 exceeded still active,2,andrew@bidgeepumps.com.au; brenton@waggaproturf.com.au,sent (202)
2026-08-15T06:46:30+00:00,pump_alert,PUMP STATION REMINDER - Limit 1 exceeded still active,2,andrew@bidgeepumps.com.au; brenton@waggaproturf.com.au,sent (202)
2026-08-15T12:50:35+00:00,pump_alert,PUMP STATION REMINDER - Limit 1 exceeded still active,2,andrew@bidgeepumps.com.au; brenton@waggaproturf.com.au,sent (202)
2026-08-15T18:43:04+00:00,pump_alert,PUMP STATION OFFLINE - 16 Aug 2026 4:23 AM AEST,2,andrew@bidgeepumps.com.au; brenton@waggaproturf.com.au,sent (202)
2026-08-15T23:39:56+00:00,pump_alert,PUMP STATION - Connection Restored,2,andrew@bidgeepumps.com.au; brenton@waggaproturf.com.au,sent (202)
2026-08-15T23:39:56+00:00,pump_alert,PUMP STATION REMINDER - Limit 1 exceeded still active,2,andrew@bidgeepumps.com.au; brenton@waggaproturf.com.au,sent (202)
2026-08-16T02:03:05+00:00,pump_alert,PUMP STATION OFFLINE - 16 Aug 2026 11:43 AM AEST,2,andrew@bidgeepumps.com.au; brenton@waggaproturf.com.au,sent (202)
2026-08-16T02:12:29+00:00,pump_alert,PUMP STATION - Connection Restored,2,andrew@bidgeepumps.com.au; brenton@waggaproturf.com.au,sent (202)
2026-08-16T12:47:26+00:00,pump_alert,PUMP STATION REMINDER - Limit 1 exceeded still active,2,andrew@bidgeepumps.com.au; brenton@waggaproturf.com.au,sent (202)
2026-08-16T18:44:46+00:00,gk_report,WWCC Weekly Weather Summary - 16 August 2026,2,andrew@bidgeepumps.com.au; brenton@waggaproturf.com.au,sent (202)
2026-08-16T18:47:52+00:00,pump_alert,PUMP STATION REMINDER - Limit 1 exceeded still active,2,andrew@bidgeepumps.com.au; brenton@waggaproturf.com.au,sent (202)
2026-08-16T20:15:30+00:00,lake_report,Lake Albert Weekly Report - 10 Aug-16 Aug 2026,3,andrew@bidgeepumps.com.au; brenton@waggaproturf.com.au; manager@wwcc.com.au,sent (202)
2026-08-16T20:29:02+00:00,board_report,Weekly Board Weather and Water Update - 17 August 2026,2,andrew@bidgeepumps.com.au; brenton@waggaproturf.com.au,sent (202)
2026-08-16T21:13:06+00:00,pump_report,Pump Station Weekly Summary - 10 - 16 August 2026,2,andrew@bidgeepumps.com.au; brenton@waggaproturf.com.au,sent (202)
2026-08-17T00:49:05+00:00,pump_alert,PUMP STATION REMINDER - Limit 1 exceeded still active,2,andrew@bidgeepumps.com.au; brenton@waggaproturf.com.au,sent (202)
2026-08-17T06:50:11+00:00,pump_alert,PUMP STATION REMINDER - Limit 1 exceeded still active,2,andrew@bidgeepumps.com.au; brenton@waggaproturf.com.au,sent (202)
2026-08-17T12:51:13+00:00,pump_alert,PUMP STATION REMINDER - Limit 1 exceeded still active,2,andrew@bidgeepumps.com.au; brenton@waggaproturf.com.au,sent (202)
2026-08-17T18:53:46+00:00,pump_alert,PUMP STATION REMINDER - Limit 1 exceeded still active,2,andrew@bidgeepumps.com.au; brenton@waggaproturf.com.au,sent (202)
2026-08-18T00:55:27+00:00,pump_alert,PUMP STATION REMINDER - Limit 1 exceeded still active,2,andrew@bidgeepumps.com.au; brenton@waggaproturf.com.au,sent (202)
