Date and Time,Level (cm),Volume (L)
2026-06-30 12:55,147,216125
2026-06-30 12:48,145.1,213433
2026-06-30 12:15,139.8,205624
2026-06-30 08:39,138.2,203200
2026-06-30 07:42,138.2,203200
2026-06-30 05:41,138.2,203200
2026-06-30 02:40,138.2,203200
2026-06-29 23:38,137.6,202393
2026-06-29 20:36,137.4,202123
2026-06-29 20:14,137.4,202123
2026-06-29 17:13,137.4,202123
2026-06-29 14:11,137.1,201585
2026-06-29 13:21,136,199969
2026-06-29 13:11,134.3,197546
2026-06-29 12:24,128.7,189198
2026-06-29 10:23,128.3,188660
2026-06-29 07:21,128.8,189467
2026-06-29 06:24,129.2,190006
2026-06-29 04:23,129.4,190275
2026-06-29 01:22,129.8,190814
2026-06-28 22:20,130.1,191352
2026-06-28 19:19,130.1,191352
2026-06-28 18:22,130.3,191622
2026-06-28 16:21,130.5,191891
2026-06-28 13:20,130.7,192160
2026-06-28 10:18,130.9,192429
2026-06-28 07:17,131.4,193237
2026-06-28 06:20,131.6,193507
2026-06-28 04:19,131.8,193776
2026-06-28 01:18,132,194045
2026-06-27 22:16,132.3,194584
2026-06-27 19:14,132.5,194853
2026-06-27 18:17,132.7,195122
2026-06-27 16:16,133,195661
2026-06-27 13:15,133,195661
2026-06-27 10:13,133.2,195930
2026-06-27 07:12,133.8,196738
2026-06-27 06:15,133.8,196738
2026-06-27 04:14,134.1,197276
2026-06-27 01:13,134.3,197546
2026-06-26 22:11,134.7,198084
2026-06-26 19:10,134.9,198353
2026-06-26 18:13,135.1,198623
2026-06-26 16:12,135.2,198892
2026-06-26 13:11,135.4,199161
2026-06-26 10:09,136.2,200238
2026-06-26 07:08,136.9,201315
2026-06-26 06:11,137.4,202123
2026-06-26 04:10,137.4,202123
2026-06-26 01:09,137.8,202662
2026-06-25 22:07,138.2,203200
2026-06-25 19:05,138.5,203739
2026-06-25 18:08,138.5,203739
2026-06-25 16:07,138.7,204008
2026-06-25 13:06,139.1,204547
2026-06-25 10:04,140,205893
2026-06-25 07:03,140.9,207239
2026-06-25 06:06,141.1,207509
2026-06-25 04:05,141.3,207778
2026-06-25 01:04,141.7,208317
2026-06-24 22:02,141.8,208586
2026-06-24 19:01,142,208855
2026-06-24 18:04,142.2,209124
2026-06-24 16:03,142.4,209394
2026-06-24 13:02,142.6,209663
2026-06-24 10:00,142.9,210201
2026-06-24 06:58,143.3,210740
2026-06-24 06:01,143.3,210740
2026-06-24 04:00,143.7,211279
2026-06-24 00:59,143.9,211548
2026-06-23 21:57,144,211817
2026-06-23 18:56,144.4,212356
2026-06-23 17:59,144.4,212356
2026-06-23 15:58,144.6,212625
2026-06-23 12:57,145.1,213433
2026-06-23 09:55,145.5,213971
2026-06-23 06:54,146,214779
2026-06-23 05:57,146.2,215048
2026-06-23 03:56,146.4,215318
2026-06-23 00:55,146.6,215587
2026-06-22 21:53,147,216125
2026-06-22 18:52,147.1,216395
2026-06-22 17:55,147.3,216664
2026-06-22 15:54,147.5,216933
2026-06-22 12:53,148.1,217741
2026-06-22 09:51,148.4,218280
2026-06-22 06:49,148.8,218818
2026-06-22 05:52,148.8,218818
2026-06-22 03:51,149,219087
2026-06-22 00:50,149.2,219357
2026-06-21 21:48,149.5,219895
2026-06-21 18:47,149.9,220434
2026-06-21 17:50,149.9,220434
2026-06-21 15:49,150.1,220703
2026-06-21 12:48,150.3,220972
2026-06-21 09:46,150.4,221242
2026-06-21 06:45,151,222049
2026-06-21 05:48,151.2,222319
2026-06-21 03:47,151.4,222588
2026-06-21 00:46,151.4,222588
2026-06-20 21:44,151.7,223127
2026-06-20 18:43,152.1,223665
2026-06-20 17:46,152.1,223665
2026-06-20 15:45,152.3,223934
2026-06-20 12:44,151.5,222857
2026-06-20 09:42,151.5,222857
2026-06-20 06:40,152.3,223934
2026-06-20 05:43,152.1,223665
2026-06-20 03:42,152.5,224204
2026-06-20 00:41,152.6,224473
2026-06-19 21:39,152.8,224742
2026-06-19 18:38,152.5,224204
2026-06-19 18:28,152.5,224204
2026-06-19 14:27,152.8,224742
2026-06-19 11:26,153.9,226358
2026-06-19 10:38,157.8,232013
2026-06-19 06:36,158.1,232551
2026-06-19 06:31,158.1,232551
2026-06-19 05:31,157.6,231743
2026-06-19 04:38,149.9,220434
2026-06-19 03:38,149.2,219357
2026-06-18 18:33,149.2,219357
2026-06-18 17:36,149,219087
2026-06-18 15:35,148.4,218280
2026-06-18 12:34,148.8,218818
2026-06-18 09:32,149.2,219357
2026-06-18 06:31,149.7,220165
2026-06-18 05:34,149.9,220434
2026-06-18 03:33,149.9,220434
2026-06-18 00:32,150.3,220972
2026-06-17 21:30,150.6,221511
2026-06-17 18:29,150.8,221780
2026-06-17 17:32,151,222049
2026-06-17 15:31,151,222049
2026-06-17 12:30,151.4,222588
2026-06-17 09:28,151.7,223127
2026-06-17 06:27,151.9,223396
2026-06-17 05:30,152.1,223665
2026-06-17 03:29,152.3,223934
2026-06-17 00:28,152.5,224204
2026-06-16 21:26,152.8,224742
2026-06-16 18:24,153,225011
2026-06-16 17:27,153.2,225281
2026-06-16 15:26,153.4,225550
2026-06-16 12:25,153.6,225819
2026-06-16 09:23,153.9,226358
2026-06-16 06:22,154.3,226896
2026-06-16 05:25,154.5,227166
2026-06-16 03:24,154.7,227435
2026-06-16 00:23,155,227973
2026-06-15 21:21,155.2,228243
2026-06-15 18:20,155.6,228781
2026-06-15 17:23,155.8,229051
2026-06-15 15:22,155.8,229051
2026-06-15 12:21,156.7,230397
2026-06-15 09:19,157.4,231474
2026-06-15 06:18,157.8,232013
2026-06-15 05:21,158,232282
2026-06-15 03:20,158,232282
2026-06-15 00:19,158.3,232820
2026-06-14 21:17,158.7,233359
2026-06-14 18:15,158.9,233628
2026-06-14 17:18,159.1,233897
2026-06-14 15:17,159.1,233897
2026-06-14 12:16,159.4,234436
2026-06-14 09:14,159.6,234705
2026-06-14 06:13,160.1,235513
2026-06-14 05:16,160.1,235513
2026-06-14 03:15,160.1,235513
2026-06-14 00:14,160.3,235782
2026-06-13 21:12,160.5,236052
2026-06-13 18:11,160.9,236590
2026-06-13 17:14,160.9,236590
2026-06-13 15:13,161.1,236859
2026-06-13 12:12,161.4,237398
2026-06-13 09:10,161.6,237667
2026-06-13 06:08,162.2,238475
2026-06-13 05:11,162.2,238475
2026-06-13 03:10,162.3,238744
2026-06-13 00:09,162.7,239283
2026-06-12 21:07,162.9,239552
2026-06-12 18:06,163.3,240091
2026-06-12 17:09,163.3,240091
2026-06-12 15:08,163.4,240360
2026-06-12 12:07,163.6,240629
2026-06-12 09:05,164,241168
2026-06-12 06:04,164.5,241976
2026-06-12 05:07,164.5,241976
2026-06-12 03:06,164.7,242245
2026-06-12 00:05,165.1,242783
2026-06-11 21:03,165.5,243322
2026-06-11 18:02,165.6,243591
2026-06-11 17:05,165.6,243591
2026-06-11 15:04,166,244130
2026-06-11 12:03,166.2,244399
2026-06-11 09:01,166.6,244938
2026-06-11 05:59,167.1,245745
2026-06-11 05:02,167.3,246015
2026-06-11 03:01,167.5,246284
2026-06-11 00:00,167.5,246284
2026-06-10 20:58,167.8,246823
2026-06-10 17:57,168,247092
2026-06-10 17:05,168.2,247361
2026-06-10 16:04,168.4,247630
2026-06-10 13:03,169.3,248977
2026-06-10 12:41,168.8,248169
2026-06-10 12:12,164.7,242245
2026-06-10 11:47,158.3,232820
2026-06-10 08:11,156.7,230397
2026-06-10 05:10,156.9,230666
2026-06-10 02:08,156.3,229858
2026-06-10 01:13,150.4,221242
2026-06-10 00:16,149.9,220434
2026-06-09 22:15,149.9,220434
2026-06-09 19:14,150.3,220972
2026-06-09 16:12,149.5,219895
2026-06-09 13:11,151.2,222319
2026-06-09 12:14,151.2,222319
2026-06-09 10:13,151.4,222588
2026-06-09 07:12,152.1,223665
2026-06-09 04:10,152.3,223934
2026-06-09 01:08,152.6,224473
2026-06-09 00:11,152.6,224473
2026-06-08 22:10,152.8,224742
2026-06-08 19:09,153.2,225281
2026-06-08 16:07,153.4,225550
2026-06-08 13:15,153.6,225819
2026-06-08 12:18,153.7,226089
2026-06-08 10:17,153.9,226358
2026-06-08 07:16,154.1,226627
2026-06-08 04:14,154.5,227166
2026-06-08 01:12,154.8,227704
2026-06-08 00:15,154.8,227704
2026-06-07 22:14,155,227973
2026-06-07 19:13,155.4,228512
2026-06-07 16:11,155.6,228781
2026-06-07 13:02,155.8,229051
2026-06-07 12:05,155.8,229051
2026-06-07 10:04,155.9,229320
2026-06-07 07:03,156.5,230128
2026-06-07 04:01,156.7,230397
2026-06-07 00:59,157,230935
2026-06-07 00:02,157,230935
2026-06-06 22:01,157.2,231205
2026-06-06 19:00,157.6,231743
2026-06-06 15:58,157.8,232013
2026-06-06 12:57,158.1,232551
2026-06-06 12:00,158,232282
2026-06-06 09:59,158.3,232820
2026-06-06 06:58,158.9,233628
2026-06-06 03:56,159.1,233897
2026-06-06 00:55,159.4,234436
2026-06-05 23:58,159.6,234705
2026-06-05 21:57,159.6,234705
2026-06-05 18:56,160,235244
2026-06-05 15:54,160.3,235782
2026-06-05 12:53,160.5,236052
2026-06-05 12:18,160.5,236052
2026-06-05 06:16,162.2,238475
2026-06-05 06:08,164,241168
2026-06-05 03:52,165.6,243591
2026-06-05 00:50,165.3,243053
2026-06-04 23:53,165.5,243322
2026-06-04 21:52,165.1,242783
2026-06-04 18:51,165.1,242783
2026-06-04 15:49,165.3,243053
2026-06-04 12:48,166,244130
2026-06-04 11:51,165.8,243861
2026-06-04 09:50,166.2,244399
2026-06-04 06:49,166.7,245207
2026-06-04 03:47,167.1,245745
2026-06-04 00:46,167.3,246015
2026-06-03 23:49,167.5,246284
2026-06-03 21:48,167.5,246284
2026-06-03 18:47,167.8,246823
2026-06-03 15:45,168.2,247361
2026-06-03 12:43,168.4,247630
2026-06-03 11:46,168.8,248169
2026-06-03 09:45,168,247092
2026-06-03 06:44,168.2,247361
2026-06-03 03:42,168,247092
2026-06-03 00:41,168,247092
2026-06-02 21:48,168.8,248169
2026-06-02 18:47,167.7,246553
2026-06-02 17:46,166.2,244399
2026-06-02 17:24,164.5,241976
2026-06-02 16:28,161.1,236859
2026-06-02 16:11,160.5,236052
2026-06-02 15:36,143.9,211548
2026-06-02 15:31,140.9,207239
2026-06-02 14:59,130.1,191352
2026-06-02 13:36,128.3,188660
2026-06-02 10:26,128.5,188929
2026-06-02 09:31,128.3,188660
2026-06-02 07:33,125.5,184621
2026-06-02 06:02,120.6,177350
2026-06-02 04:19,103.4,152039
2026-06-02 03:18,102.3,150423
2026-06-02 03:08,101.9,149884
2026-06-02 02:46,100.3,147461
2026-06-02 02:06,95,139652
2026-06-02 01:14,87.6,128881
2026-06-02 01:07,86,126458
2026-06-02 00:59,84.2,123765
2026-06-02 00:07,77.2,113533
2026-06-01 22:21,75.6,111109
2026-06-01 19:20,74.3,109224
2026-06-01 18:23,73.5,108147
2026-06-01 16:22,73.7,108416
2026-06-01 13:21,74.1,108955
2026-06-01 10:19,74.5,109493
2026-06-01 07:17,74.8,110032
2026-06-01 06:20,74.8,110032
2026-06-01 04:19,75,110301
2026-06-01 01:18,75.4,110840
2026-05-31 22:16,75.6,111109
2026-05-31 19:15,75.9,111648
2026-05-31 18:18,75.9,111648
2026-05-31 16:17,76.1,111917
2026-05-31 13:16,76.5,112455
2026-05-31 10:14,76.7,112725
2026-05-31 07:13,77,113263
2026-05-31 06:16,77.2,113533
2026-05-31 04:15,77.4,113802
2026-05-31 01:14,77.4,113802
2026-05-30 22:12,76.3,112186
2026-05-30 19:10,75.9,111648
2026-05-30 18:10,75.9,111648
2026-05-30 14:08,75.9,111648
2026-05-30 13:53,74.3,109224
2026-05-30 10:09,72.6,106801
2026-05-30 07:08,73.2,107609
2026-05-30 06:11,73.4,107878
2026-05-30 04:10,73.5,108147
2026-05-30 01:09,73.7,108416
2026-05-29 22:07,74.1,108955
2026-05-29 19:06,74.3,109224
2026-05-29 18:09,74.5,109493
2026-05-29 16:08,74.6,109763
2026-05-29 13:07,74.8,110032
2026-05-29 10:05,75.7,111378
2026-05-29 07:12,76.8,112994
2026-05-29 06:15,76.8,112994
2026-05-29 04:14,77.2,113533
2026-05-29 01:13,77.4,113802
2026-05-28 22:11,77.8,114340
2026-05-28 19:01,77.9,114610
2026-05-28 18:04,77.9,114610
2026-05-28 16:03,78.3,115148
2026-05-28 13:02,78.7,115687
2026-05-28 10:00,79.8,117302
2026-05-28 06:59,80.3,118110
2026-05-28 06:02,80.5,118379
2026-05-28 04:01,80.7,118649
2026-05-28 01:00,80.9,118918
2026-05-27 21:58,81.2,119457
2026-05-27 18:57,81.4,119726
2026-05-27 18:00,81.6,119995
2026-05-27 15:59,81.8,120264
2026-05-27 12:58,82.1,120803
2026-05-27 09:56,82.5,121341
2026-05-27 06:55,82.9,121880
2026-05-27 05:58,83.1,122149
2026-05-27 03:57,83.2,122419
2026-05-27 00:56,83.4,122688
2026-05-26 21:54,83.8,123226
2026-05-26 18:52,84,123496
2026-05-26 17:55,84,123496
2026-05-26 15:54,82.5,121341
2026-05-26 12:53,82.7,121611
2026-05-26 09:51,83.1,122149
2026-05-26 06:50,83.4,122688
2026-05-26 05:53,83.4,122688
2026-05-26 03:52,83.6,122957
2026-05-26 00:51,84,123496
2026-05-25 21:49,84.3,124034
2026-05-25 18:48,84.7,124573
2026-05-25 18:18,84.7,124573
2026-05-25 16:17,84.9,124842
2026-05-25 13:16,85.4,125650
2026-05-25 11:56,86.9,127804
2026-05-25 11:41,88.6,130227
2026-05-25 07:39,90.9,133728
2026-05-25 07:17,92.8,136421
2026-05-25 01:13,93.3,137229
2026-05-25 00:16,93.5,137498
2026-05-24 22:15,93.7,137767
2026-05-24 19:14,94,138306
2026-05-24 16:12,94.4,138844
2026-05-24 13:11,94.6,139113
2026-05-24 12:41,94.6,139113
2026-05-24 09:40,95,139652
2026-05-24 06:39,96.4,141806
2026-05-24 06:11,98.3,144499
2026-05-24 01:09,98.8,145307
2026-05-24 00:12,98.8,145307
2026-05-23 22:11,99.2,145845
2026-05-23 19:10,99.4,146115
2026-05-23 16:08,99.7,146653
2026-05-23 13:06,99.9,146922
2026-05-23 12:09,100.1,147192
2026-05-23 10:08,100.3,147461
2026-05-23 07:07,100.6,147999
2026-05-23 04:05,101,148538
2026-05-23 01:04,101.4,149077
2026-05-23 00:07,101.4,149077
2026-05-22 22:06,101.6,149346
2026-05-22 19:05,101.9,149884
2026-05-22 16:03,102.3,150423
2026-05-22 13:02,102.5,150692
2026-05-22 12:15,102.7,150961
2026-05-22 07:13,104.5,153654
2026-05-22 07:03,106.5,156616
2026-05-22 04:01,107.2,157693
2026-05-22 01:00,107.6,158232
2026-05-22 00:30,107.6,158232
2026-05-21 22:29,108,158770
2026-05-21 16:27,108.5,159578
2026-05-21 13:26,110,161732
2026-05-21 12:57,112,164694
2026-05-21 12:00,112.2,164964
2026-05-21 09:59,112.5,165502
2026-05-21 06:58,114,167656
2026-05-21 03:56,114.2,167926
2026-05-21 00:55,114.6,168464
2026-05-21 00:25,114.6,168464
2026-05-20 22:24,114.7,168733
2026-05-20 16:22,115.5,169811
2026-05-20 13:21,116.9,171965
2026-05-20 12:53,118.8,174657
2026-05-20 11:56,118.8,174657
2026-05-20 09:55,119.1,175196
2026-05-20 06:54,119.7,176004
2026-05-20 03:52,119.9,176273
2026-05-20 00:51,120.2,176812
2026-05-19 23:54,120.4,177081
2026-05-19 21:53,120.6,177350
2026-05-19 18:52,121,177889
2026-05-19 15:50,121.3,178427
2026-05-19 12:57,121.5,178697
2026-05-19 12:52,121.5,178697
2026-05-19 11:52,121.7,178966
2026-05-19 08:51,121.7,178966
2026-05-19 05:50,120.6,177350
2026-05-19 03:40,117.9,173311
2026-05-19 02:43,116.2,170888
2026-05-18 23:41,112.5,165502
2026-05-18 22:31,109.2,160655
2026-05-18 21:51,107.6,158232
2026-05-18 15:47,102.8,151231
2026-05-18 15:27,102.7,150961
2026-05-18 13:27,103,151500
2026-05-18 12:49,104.9,154193
2026-05-18 09:48,105.8,155539
2026-05-18 03:45,104.7,153923
2026-05-18 02:48,104.5,153654
2026-05-18 00:47,104.9,154193
2026-05-17 21:46,105,154462
2026-05-17 18:44,105.2,154731
2026-05-17 15:43,105.6,155270
2026-05-17 14:56,105.2,154731
2026-05-17 08:53,106.5,156616
2026-05-17 08:43,108.3,159309
2026-05-17 06:42,110,161732
2026-05-17 03:41,110.3,162271
2026-05-17 02:44,110.3,162271
2026-05-17 00:43,110.7,162809
2026-05-16 21:42,111.1,163348
2026-05-16 18:40,111.3,163617
2026-05-16 15:38,111.6,164156
2026-05-16 15:18,111.8,164425
2026-05-16 12:17,111.8,164425
2026-05-16 09:16,112.2,164964
2026-05-16 07:36,112.7,165771
2026-05-16 07:18,116,170618
2026-05-16 06:18,116.4,171157
2026-05-16 00:15,116.9,171965
2026-05-15 21:14,117.5,172773
2026-05-15 20:17,117.7,173042
2026-05-15 18:16,117.7,173042
2026-05-15 15:15,118.2,173850
2026-05-15 12:13,118.2,173850
2026-05-15 09:11,119.9,176273
2026-05-15 08:31,119.9,176273
2026-05-15 06:30,121.3,178427
2026-05-15 06:13,126.6,186236
2026-05-15 03:12,127,186775
2026-05-14 21:09,127.6,187583
2026-05-14 20:34,127.7,187852
2026-05-14 14:32,128.7,189198
2026-05-14 14:09,130.7,192160
2026-05-14 12:08,130.9,192429
2026-05-14 09:07,131.4,193237
2026-05-14 08:37,131.6,193507
2026-05-14 07:47,115.5,169811
2026-05-14 06:53,98.4,144768
2026-05-14 06:48,96.8,142345
2026-05-14 06:28,90.2,132651
2026-05-14 05:30,71.5,105185
2026-05-14 05:10,66.9,98453
2026-05-14 05:03,67.1,98723
2026-05-14 04:58,69.7,102492
2026-05-14 04:02,134.5,197815
2026-05-14 03:42,157.6,231743
2026-05-14 03:40,160.7,236321
2026-05-14 03:15,164,241168
2026-05-14 02:14,163.8,240899
2026-05-13 23:13,163.8,240899
2026-05-13 17:10,163.3,240091
2026-05-13 16:50,163.1,239821
2026-05-13 15:50,162.7,239283
2026-05-13 15:33,162.3,238744
2026-05-13 15:12,158.9,233628
2026-05-13 15:05,156.5,230128
2026-05-13 14:42,149.2,219357
2026-05-13 13:44,133,195661
2026-05-13 13:34,131.8,193776
2026-05-13 12:39,113.8,167387
2026-05-13 11:49,97.7,143691
2026-05-13 11:03,83.1,122149
2026-05-13 08:22,31.2,45945
2026-05-13 08:15,28.9,42445
2026-05-13 07:49,20.8,30597
2026-05-13 07:17,19,27904
2026-05-13 06:16,19.2,28173
2026-05-13 06:11,19.5,28712
2026-05-13 06:09,23.6,34636
2026-05-13 05:19,106.7,156885
2026-05-13 04:51,136.2,200238
2026-05-13 04:49,140.2,206162
2026-05-13 04:36,147.3,216664
2026-05-13 04:11,139.1,204547
2026-05-13 03:13,120.2,176812
2026-05-12 22:26,26.8,39483
2026-05-12 22:19,24.7,36251
2026-05-12 22:01,19.3,28442
2026-05-12 21:00,19.2,28173
2026-05-12 20:40,19.2,28173
2026-05-12 20:38,19.3,28442
2026-05-12 20:23,41.7,61294
2026-05-12 19:24,128.3,188660
2026-05-12 19:04,160.1,235513
2026-05-12 18:27,163.6,240629
2026-05-12 15:25,163.1,239821
2026-05-12 15:05,162.9,239552
2026-05-12 14:20,161.2,237129
2026-05-12 13:55,163.4,240360
2026-05-12 09:53,163.1,239821
2026-05-12 03:23,164.2,241437
2026-05-12 02:26,164,241168
2026-05-12 00:25,164,241168
2026-05-11 21:24,163.8,240899
2026-05-11 18:22,163.6,240629
2026-05-11 15:21,163.3,240091
2026-05-11 14:46,163.1,239821
2026-05-11 11:45,162.9,239552
2026-05-11 08:44,162.3,238744
2026-05-11 08:21,164.4,241706
2026-05-11 03:18,164.4,241706
2026-05-11 02:21,164.2,241437
2026-05-11 00:20,164.2,241437
2026-05-10 21:19,164,241168
2026-05-10 18:17,163.8,240899
2026-05-10 15:16,163.8,240899
2026-05-10 14:46,163.6,240629
2026-05-10 11:45,163.1,239821
2026-05-10 11:08,162.3,238744
2026-05-10 10:15,148.4,218280
2026-05-10 09:17,129.6,190545
2026-05-10 08:19,122.1,179504
2026-05-10 05:40,73.9,108686
2026-05-10 05:20,68.6,100877
2026-05-10 05:00,68.2,100338
2026-05-10 04:58,69.5,102223
2026-05-10 04:40,84.5,124303
2026-05-10 03:42,158.7,233359
2026-05-10 03:40,161.2,237129
2026-05-10 02:55,164,241168
2026-05-10 01:54,164,241168
2026-05-09 22:53,163.8,240899
2026-05-09 16:50,163.4,240360
2026-05-09 16:03,163.3,240091
2026-05-09 15:02,162.9,239552
2026-05-09 14:32,161.4,237398
2026-05-09 14:20,157.8,232013
2026-05-09 13:24,139.6,205355
2026-05-09 12:39,124.8,183543
2026-05-09 09:24,62,91183
2026-05-09 09:02,54.7,80412
2026-05-09 08:06,49.6,72872
2026-05-09 07:06,50.3,73949
2026-05-09 06:53,52.1,76642
2026-05-09 06:06,53.8,79066
2026-05-09 05:09,53.9,79335
2026-05-09 03:08,54.1,79604
2026-05-09 00:07,54.5,80143
2026-05-08 21:05,54.7,80412
2026-05-08 17:56,55.2,81220
2026-05-08 17:49,55.2,81220
2026-05-08 15:48,55.4,81489
2026-05-08 15:18,58.9,86605
2026-05-08 14:28,62.2,91452
2026-05-08 13:36,65.5,96299
2026-05-08 13:24,66.4,97645
2026-05-08 12:36,69.7,102492
2026-05-08 12:26,71.3,104916
2026-05-08 11:51,79.9,117572
2026-05-08 11:31,80.9,118918
2026-05-08 11:10,85.8,126188
2026-05-08 11:05,87.5,128612
2026-05-08 10:38,96.1,141268
2026-05-08 10:33,97.7,143691
2026-05-08 09:38,99.9,146922
2026-05-08 07:37,101.4,149077
2026-05-08 07:17,104.9,154193
2026-05-08 06:16,105.2,154731
2026-05-08 05:19,105.2,154731
2026-05-08 03:18,105.4,155001
2026-05-08 00:17,105.8,155539
2026-05-07 21:15,106.1,156078
2026-05-07 18:14,106.5,156616
2026-05-07 17:17,106.5,156616
2026-05-07 15:16,106.7,156885
2026-05-07 12:15,108.1,159040
2026-05-07 09:13,109.1,160386
2026-05-07 06:11,109.8,161463
2026-05-07 05:14,110.2,162002
2026-05-07 03:13,110.3,162271
2026-05-07 00:12,110.3,162271
2026-05-06 21:10,110.7,162809
2026-05-06 18:17,111.1,163348
2026-05-06 17:20,111.1,163348
2026-05-06 15:11,111.3,163617
2026-05-06 14:25,112.5,165502
2026-05-06 14:15,114.2,167926
2026-05-06 13:45,119.7,176004
2026-05-06 11:52,121.3,178427
2026-05-06 10:55,121.5,178697
2026-05-06 08:54,121.9,179235
2026-05-06 05:53,122.6,180312
2026-05-06 02:51,122.8,180581
2026-05-05 23:49,123.2,181120
2026-05-05 23:14,123.3,181389
2026-05-05 22:14,123.5,181659
2026-05-05 19:13,123.7,181928
2026-05-05 16:11,124.1,182466
2026-05-05 15:59,124.1,182466
2026-05-05 13:58,124.8,183543
2026-05-05 13:13,128.3,188660
2026-05-05 07:10,130.3,191622
2026-05-05 04:09,130.7,192160
2026-05-05 03:12,130.7,192160
2026-05-05 01:11,130.9,192429
2026-05-04 22:10,131.2,192968
2026-05-04 19:08,131.6,193507
2026-05-04 16:07,131.8,193776
2026-05-04 15:07,132.1,194314
2026-05-04 13:06,132.1,194314
2026-05-04 10:05,133.2,195930
2026-05-04 07:03,133,195661
2026-05-04 05:10,131.6,193507
2026-05-04 04:45,129.9,191083
2026-05-04 04:07,128.3,188660
2026-05-04 02:07,125.7,184890
2026-05-04 01:46,123.5,181659
2026-05-04 01:16,121.9,179235
2026-05-04 00:21,120.2,176812
2026-05-03 22:18,115.3,169541
2026-05-03 19:34,104.9,154193
2026-05-03 17:33,104.3,153385
2026-05-03 17:26,104.1,153116
2026-05-03 14:25,103.4,152039
2026-05-03 11:24,103.6,152308
2026-05-03 08:22,104.5,153654
2026-05-03 07:40,106.1,156078
2026-05-03 06:39,106.1,156078
2026-05-03 03:38,105,154462
2026-05-03 02:14,103.6,152308
2026-05-03 01:37,102.7,150961
2026-05-03 01:30,100.8,148269
2026-05-03 00:40,95.9,140998
2026-05-02 23:39,95.3,140191
2026-05-02 20:37,95,139652
2026-05-02 19:40,95,139652
2026-05-02 17:39,95.3,140191
2026-05-02 14:38,95.5,140460
2026-05-02 11:36,95.9,140998
2026-05-02 08:35,96.2,141537
2026-05-02 07:45,95.9,140998
2026-05-02 07:12,85.3,125381
2026-05-02 07:05,83.1,122149
2026-05-02 06:20,70.6,103839
2026-05-02 05:21,57.1,83913
2026-05-02 05:19,56.7,83374
2026-05-02 04:58,61.1,89837
2026-05-02 04:56,62.6,91991
2026-05-02 04:18,112.7,165771
2026-05-02 04:16,116.8,171695
2026-05-02 03:45,154.1,226627
2026-05-02 03:43,157,230935
2026-05-02 03:38,162.2,238475
2026-05-02 02:25,163.8,240899
2026-05-02 01:28,163.8,240899
2026-05-01 23:27,163.6,240629
2026-05-01 20:26,163.6,240629
2026-05-01 17:24,163.4,240360
2026-05-01 14:23,163.1,239821
2026-05-01 14:11,163.1,239821
2026-05-01 13:10,162.7,239283
2026-05-01 12:53,161.4,237398
2026-05-01 12:28,153.7,226089
2026-05-01 11:30,135.6,199431
2026-05-01 10:39,119.5,175735
2026-05-01 07:12,58.7,86336
2026-05-01 07:07,57.1,83913
2026-05-01 06:12,41.5,61024
2026-05-01 05:52,37.8,55639
2026-05-01 05:50,38.6,56716
2026-05-01 05:42,45.7,67218
2026-05-01 04:44,129.9,191083
2026-05-01 04:24,160,235244
2026-05-01 04:12,161.6,237667
2026-05-01 03:22,146,214779
2026-05-01 02:24,127.6,187583
2026-05-01 01:38,113.1,166310
2026-04-30 21:36,36,52946
2026-04-30 21:31,34.4,50523
2026-04-30 20:58,23.9,35174
2026-04-30 20:38,21,30866
2026-04-30 20:36,22.1,32481
2026-04-30 20:01,72.6,106801
2026-04-30 19:05,158.9,233628
2026-04-30 19:03,162,238206
2026-04-30 16:37,163.4,240360
2026-04-30 13:35,163.1,239821
2026-04-30 12:42,162,238206
2026-04-30 12:35,161.4,237398
2026-04-30 12:20,157.2,231205
2026-04-30 11:27,140.4,206432
2026-04-30 10:37,125.9,185159
2026-04-30 06:15,48.5,71257
2026-04-30 06:08,46.3,68025
2026-04-30 05:32,39.8,58601
2026-04-30 05:27,40,58870
2026-04-30 05:07,49.6,72872
2026-04-30 05:05,51.4,75565
2026-04-30 04:37,86.9,127804
2026-04-30 04:35,90.6,133189
2026-04-30 04:04,132.5,194853
2026-04-30 03:44,155.4,228512
2026-04-30 03:42,158.5,233090
2026-04-30 03:29,163.8,240899
2026-04-30 02:29,163.8,240899
2026-04-29 23:28,163.6,240629
2026-04-29 17:25,163.4,240360
2026-04-29 17:10,163.3,240091
2026-04-29 15:09,162.7,239283
2026-04-29 14:59,162.5,239014
2026-04-29 14:39,160.9,236590
2026-04-29 14:34,159.2,234167
2026-04-29 13:57,147,216125
2026-04-29 13:04,129.9,191083
2026-04-29 12:10,117.1,172234
2026-04-29 12:05,116.2,170888
2026-04-29 11:23,103,151500
2026-04-29 10:30,86,126458
2026-04-29 09:45,71.9,105724
2026-04-29 07:16,24.7,36251
2026-04-29 07:09,22.3,32751
2026-04-29 07:04,20.6,30327
2026-04-29 05:25,19.2,28173
2026-04-29 05:20,19.3,28442
2026-04-29 04:27,93.1,136959
2026-04-29 04:07,122.8,180581
2026-04-29 04:05,126.8,186505
2026-04-29 04:00,129.8,190814
2026-04-29 03:35,121.7,178966
2026-04-29 02:42,104.9,154193
2026-04-28 22:25,23,33828
2026-04-28 22:20,21.4,31404
2026-04-28 21:40,19.3,28442
2026-04-28 21:38,19.7,28981
2026-04-28 21:28,32.2,47291
2026-04-28 20:29,120.2,176812
2026-04-28 20:09,152.5,224204
2026-04-28 20:07,156.5,230128
2026-04-28 19:44,163.4,240360
2026-04-28 16:43,163.3,240091
2026-04-28 16:06,163.3,240091
2026-04-28 13:04,162.7,239283
2026-04-28 12:29,162.2,238475
2026-04-28 12:12,158.9,233628
2026-04-28 11:14,140.2,206162
2026-04-28 10:23,123.7,181928
2026-04-28 06:16,49.4,72603
2026-04-28 06:09,47,69103
2026-04-28 05:41,40,58870
2026-04-28 05:36,40,58870
2026-04-28 05:05,58,85259
2026-04-28 05:03,59.8,87952
2026-04-28 04:23,108.9,160117
2026-04-28 04:21,112.4,165233
2026-04-28 03:45,154.3,226896
2026-04-28 03:43,157.2,231205
2026-04-28 03:00,163.8,240899
2026-04-28 00:59,163.6,240629
2026-04-27 21:58,163.6,240629
2026-04-27 18:56,163.4,240360
2026-04-27 18:39,163.4,240360
2026-04-27 17:38,163.4,240360
2026-04-27 14:37,162.9,239552
2026-04-27 13:52,161.8,237937
2026-04-27 13:45,160.9,236590
2026-04-27 13:05,147.9,217472
2026-04-27 12:09,129.9,191083
2026-04-27 11:19,113.8,167387
2026-04-27 06:26,22.5,33020
2026-04-27 06:21,20.8,30597
2026-04-27 04:46,19.2,28173
2026-04-27 04:36,19.7,28981
2026-04-27 04:03,72.1,105993
2026-04-27 04:01,75.9,111648
2026-04-27 03:38,105.2,154731
2026-04-27 03:36,109.4,160925
2026-04-27 03:08,154.8,227704
2026-04-27 03:03,162,238206
2026-04-27 01:30,163.8,240899
2026-04-26 22:29,163.6,240629
2026-04-26 19:28,163.6,240629
2026-04-26 16:26,163.3,240091
2026-04-26 15:41,163.1,239821
2026-04-26 14:40,162.7,239283
2026-04-26 14:13,161.4,237398
2026-04-26 14:05,159.4,234436
2026-04-26 13:12,142.2,209124
2026-04-26 12:22,125.9,185159
2026-04-26 07:20,28.7,42175
2026-04-26 07:15,27,39752
2026-04-26 06:55,21.2,31135
2026-04-26 05:04,19.3,28442
2026-04-26 05:02,19.3,28442
2026-04-26 04:49,37.7,55370
2026-04-26 03:51,121.5,178697
2026-04-26 03:31,152.8,224742
2026-04-26 03:29,157,230935
2026-04-26 02:59,163.8,240899
2026-04-26 01:58,163.6,240629
2026-04-25 22:57,163.6,240629
2026-04-25 16:54,163.3,240091
2026-04-25 16:37,163.3,240091
2026-04-25 14:36,162.5,239014
2026-04-25 14:26,162.3,238744
2026-04-25 14:06,160.7,236321
2026-04-25 13:21,146.2,215048
2026-04-25 12:31,130.1,191352
2026-04-25 09:03,64.6,94953
2026-04-25 08:58,62.9,92529
2026-04-25 08:51,60.5,89029
2026-04-25 07:53,42,61832
2026-04-25 07:03,28.1,41367
2026-04-25 07:01,27.4,40290
2026-04-25 06:53,25.7,37867
2026-04-25 06:22,42,61832
2026-04-25 06:02,53.8,79066
2026-04-25 05:42,49.4,72603
2026-04-25 05:37,50.5,74219
2026-04-25 04:49,80.7,118649
2026-04-25 04:47,82.3,121072
2026-04-25 04:24,107.4,157963
2026-04-25 04:22,111.1,163348
2026-04-25 03:46,153,225011
2026-04-25 03:44,155.9,229320
2026-04-25 02:46,163.8,240899
2026-04-25 01:46,163.8,240899
2026-04-24 22:44,163.6,240629
2026-04-24 16:42,163.3,240091
2026-04-24 16:32,163.3,240091
2026-04-24 14:31,162.5,239014
2026-04-24 14:21,162.3,238744
2026-04-24 13:51,156.7,230397
2026-04-24 12:53,138,202931
2026-04-24 11:55,121.7,178966
2026-04-24 06:53,27.4,40290
2026-04-24 06:46,25.2,37059
2026-04-24 05:58,19.2,28173
2026-04-24 04:57,19.2,28173
2026-04-24 04:37,19.3,28442
2026-04-24 04:35,21,30866
2026-04-24 04:22,41.5,61024
2026-04-24 03:24,127.7,187852
2026-04-24 03:04,160.3,235782
2026-04-24 02:52,163.8,240899
2026-04-23 23:51,163.6,240629
2026-04-23 20:50,163.6,240629
2026-04-23 17:48,163.3,240091
2026-04-23 17:06,163.1,239821
2026-04-23 16:05,162.7,239283
2026-04-23 15:40,161.6,237667
2026-04-23 15:23,156.3,229858
2026-04-23 14:27,138.4,203470
2026-04-23 13:45,122.2,179774
2026-04-23 13:38,119.9,176273
2026-04-23 13:13,111.6,164156
2026-04-23 11:17,75.4,110840
2026-04-23 10:27,69.7,102492
2026-04-23 07:44,25.4,37328
2026-04-23 07:37,23.4,34366
2026-04-23 07:29,21,30866
2026-04-23 05:13,19.2,28173
2026-04-23 05:03,19.3,28442
2026-04-23 04:35,62.4,91721
2026-04-23 04:33,66,97107
2026-04-23 03:50,123.7,181928
2026-04-23 03:30,154.7,227435
2026-04-23 03:28,158.7,233359
2026-04-23 03:25,162,238206
2026-04-23 00:31,163.8,240899
2026-04-22 23:34,163.6,240629
2026-04-22 21:33,163.6,240629
2026-04-22 18:32,163.4,240360
2026-04-22 15:30,163.3,240091
2026-04-22 12:29,162.9,239552
2026-04-22 11:54,162.9,239552
2026-04-22 10:53,162.3,238744
2026-04-22 10:46,162.2,238475
2026-04-22 10:01,150.4,221242
2026-04-22 09:05,133,195661
2026-04-22 08:15,117.1,172234
2026-04-22 05:51,76.1,111917
2026-04-22 05:46,74.5,109493
2026-04-22 05:39,72.3,106262
2026-04-22 04:43,55.2,81220
2026-04-22 04:23,51.6,75834
2026-04-22 04:03,58.2,85528
2026-04-22 03:43,77.2,113533
2026-04-22 03:41,80.7,118649
2026-04-22 03:10,126.6,186236
2026-04-22 03:08,130.1,191352
2026-04-22 02:35,156.5,230128
2026-04-22 02:33,158.3,232820
2026-04-22 02:05,163.8,240899
2026-04-22 00:04,163.6,240629
2026-04-21 21:03,163.6,240629
2026-04-21 18:01,163.4,240360
2026-04-21 17:14,163.3,240091
2026-04-21 15:13,162.5,239014
2026-04-21 14:46,161.1,236859
2026-04-21 14:11,149.7,220165
2026-04-21 13:15,131.8,193776
2026-04-21 13:08,129.4,190275
2026-04-21 12:14,112.5,165502
2026-04-21 12:07,110.2,162002
2026-04-21 11:24,101.4,149077
2026-04-21 10:28,89.1,131035
2026-04-21 10:18,87.6,128881
2026-04-21 09:26,75.6,111109
2026-04-21 08:33,63.8,93876
2026-04-21 07:42,48.1,70718
2026-04-21 06:52,32,47022
2026-04-21 06:45,29.6,43522
2026-04-21 06:07,22.3,32751
2026-04-21 05:47,22.1,32481
2026-04-21 05:26,34.9,51331
2026-04-21 05:24,38,55908
2026-04-21 04:31,116,170618
2026-04-21 04:11,148.8,218818
2026-04-21 03:51,162.3,238744
2026-04-21 03:36,160.9,236590
2026-04-21 03:19,155.4,228512
2026-04-21 02:23,137.8,202662
2026-04-21 01:36,122.4,180043
2026-04-20 22:06,55.8,82028
2026-04-20 22:01,54.1,79604
2026-04-20 21:36,46.4,68295
2026-04-20 21:31,46.4,68295
2026-04-20 21:06,89.3,131305
2026-04-20 21:04,93.3,137229
2026-04-20 20:18,145.9,214510
2026-04-20 20:06,161.6,237667
2026-04-20 19:06,162.3,238744
2026-04-20 17:05,164.2,241437
2026-04-20 14:04,164.2,241437
2026-04-20 11:02,162.5,239014
2026-04-20 10:57,162.3,238744
2026-04-20 09:57,163.3,240091
2026-04-20 06:55,162.5,239014
2026-04-20 06:15,161.6,237667
2026-04-20 05:48,160.3,235782
2026-04-20 05:27,153,225011
2026-04-20 05:22,151.4,222588
2026-04-20 04:57,144.2,212086
2026-04-20 04:37,143.9,211548
2026-04-20 04:35,143.9,211548
2026-04-20 04:14,153.2,225281
2026-04-20 04:12,155.6,228781
2026-04-20 04:07,161.6,237667
2026-04-20 02:46,162.3,238744
2026-04-20 01:49,162.3,238744
2026-04-19 23:48,163.1,239821
2026-04-19 20:47,162.3,238744
2026-04-19 17:45,162.7,239283
2026-04-19 14:44,163.4,240360
2026-04-19 13:57,163.4,240360
2026-04-19 12:56,163.1,239821
2026-04-19 09:55,162.3,238744
2026-04-19 06:53,161.4,237398
2026-04-19 05:56,161.1,236859
2026-04-19 05:48,159.4,234436
2026-04-19 04:55,144.4,212356
2026-04-19 04:35,140.2,206162
2026-04-19 04:14,152.8,224742
2026-04-19 04:09,158.3,232820
2026-04-19 03:24,162.5,239014
2026-04-19 01:23,162.3,238744
2026-04-18 22:22,163.3,240091
2026-04-18 21:25,163.4,240360
2026-04-18 19:24,163.4,240360
2026-04-18 16:23,163.3,240091
2026-04-18 13:21,163.1,239821
2026-04-18 10:20,162.7,239283
2026-04-18 09:43,162.7,239283
2026-04-18 08:42,162.2,238475
2026-04-18 08:17,160.7,236321
2026-04-18 07:52,152.6,224473
2026-04-18 06:53,134,197007
2026-04-18 06:48,132.3,194584
2026-04-18 06:36,128.5,188929
2026-04-18 05:38,111.6,164156
2026-04-18 05:18,107.8,158501
2026-04-18 04:58,116.9,171965
2026-04-18 04:38,143.1,210471
2026-04-18 04:36,146.6,215587
2026-04-18 04:31,150.4,221242
2026-04-18 04:10,144,211817
2026-04-18 04:05,142.6,209663
2026-04-18 03:40,134.5,197815
2026-04-18 02:45,116.8,171695
2026-04-18 01:50,99,145576
2026-04-17 22:28,34.5,50792
2026-04-17 22:21,32.2,47291
2026-04-17 22:00,26.3,38675
2026-04-17 21:53,26.3,38675
2026-04-17 21:48,28.7,42175
2026-04-17 20:50,112,164694
2026-04-17 20:48,115.3,169541
2026-04-17 20:24,151.5,222857
2026-04-17 20:19,159.4,234436
2026-04-17 19:19,162.9,239552
2026-04-17 17:18,162.9,239552
2026-04-17 14:17,162.5,239014
2026-04-17 11:24,162.3,238744
2026-04-17 10:42,162.2,238475
2026-04-17 07:32,162.5,239014
2026-04-17 06:47,161.8,237937
2026-04-17 06:35,160.1,235513
2026-04-17 05:36,141.7,208317
2026-04-17 05:16,136.7,201046
2026-04-17 04:56,142.9,210201
2026-04-17 04:36,160.9,236590
2026-04-17 03:43,161.6,237667
2026-04-17 03:38,161.2,237129
2026-04-17 03:03,150.6,221511
2026-04-17 02:08,133,195661
2026-04-17 01:12,115.5,169811
2026-04-16 22:31,63.7,93606
2026-04-16 22:24,61.3,90106
2026-04-16 21:48,49.9,73411
2026-04-16 21:36,47.4,69641
2026-04-16 21:34,48.6,71526
2026-04-16 20:41,123.2,181120
2026-04-16 20:12,153.6,225819
2026-04-16 20:10,157.4,231474
2026-04-16 19:40,163.1,239821
2026-04-16 17:39,163.1,239821
2026-04-16 14:38,162.9,239552
2026-04-16 11:36,162.7,239283
2026-04-16 10:36,162.7,239283
2026-04-16 08:35,161.8,237937
2026-04-16 08:10,161.4,237398
2026-04-16 07:42,153.4,225550
2026-04-16 07:35,151,222049
2026-04-16 06:55,138.2,203200
2026-04-16 06:02,123.2,181120
2026-04-16 05:41,118.8,174657
2026-04-16 05:21,124.4,183005
2026-04-16 05:01,149.9,220434
2026-04-16 04:46,150.3,220972
2026-04-16 04:04,141.5,208047
2026-04-16 03:06,123.2,181120
2026-04-16 02:08,104.7,153923
2026-04-16 02:01,102.3,150423
2026-04-16 01:48,98.3,144499
2026-04-16 00:56,81.4,119726
2026-04-15 23:58,62.9,92529
2026-04-15 22:19,31.8,46753
2026-04-15 21:58,26.1,38405
2026-04-15 21:53,26.5,38944
2026-04-15 21:32,80.1,117841
2026-04-15 20:56,109.8,161463
2026-04-15 20:51,111.6,164156
2026-04-15 20:25,151.5,222857
2026-04-15 20:20,160,235244
2026-04-15 19:53,162.9,239552
2026-04-15 16:52,163.3,240091
2026-04-15 13:50,163.4,240360
2026-04-15 10:49,162.7,239283
2026-04-15 10:17,162.5,239014
2026-04-15 08:15,162.7,239283
2026-04-15 07:43,161.8,237937
2026-04-15 07:28,158.5,233090
2026-04-15 06:30,140,205893
2026-04-15 05:39,125,183813
2026-04-15 05:19,119.1,175196
2026-04-15 04:59,127.9,188121
2026-04-15 04:39,148.4,218280
2026-04-15 04:27,148.8,218818
2026-04-15 04:02,140.7,206970
2026-04-15 03:06,123,180851
2026-04-15 02:19,107.8,158501
2026-04-15 00:35,74.6,109763
2026-04-15 00:28,72.3,106262
2026-04-14 23:57,62.6,91991
2026-04-14 23:37,60.9,89567
2026-04-14 23:17,69.7,102492
2026-04-14 22:57,101.9,149884
2026-04-14 22:55,102.3,150423
2026-04-14 22:14,152.8,224742
2026-04-14 22:09,159.8,234975
2026-04-14 21:49,162.5,239014
2026-04-14 18:48,162.2,238475
2026-04-14 15:46,163.4,240360
2026-04-14 14:49,163.4,240360
2026-04-14 12:48,162.2,238475
2026-04-14 09:47,161.2,237129
2026-04-14 06:45,162.5,239014
2026-04-14 03:44,162.9,239552
2026-04-14 02:47,162.9,239552
2026-04-14 00:46,162.9,239552
2026-04-13 21:45,162.7,239283
2026-04-13 18:43,162.5,239014
2026-04-13 15:42,162.2,238475
2026-04-13 14:52,162.2,238475
2026-04-13 12:51,162.2,238475
2026-04-13 12:29,161.1,236859
2026-04-13 12:01,152.6,224473
2026-04-13 11:08,136.2,200238
2026-04-13 10:20,123.7,181928
2026-04-13 08:44,93.1,136959
2026-04-13 08:37,90.9,133728
2026-04-13 08:29,88.6,130227
2026-04-13 07:37,71.5,105185
2026-04-13 06:46,55.2,81220
2026-04-13 05:56,38.9,57255
2026-04-13 05:35,33.4,49176
2026-04-13 05:33,33.8,49715
2026-04-13 05:28,35.6,52408
2026-04-13 04:30,121.9,179235
2026-04-13 04:10,151.7,223127
2026-04-13 04:08,155.8,229051
2026-04-13 03:42,162.5,239014
2026-04-13 02:54,162.2,238475
2026-04-13 02:42,160.7,236321
2026-04-13 02:12,150.8,221780
2026-04-13 01:16,132.9,195391
2026-04-13 00:23,115.8,170349
2026-04-12 21:57,68.6,100877
2026-04-12 21:50,66.2,97376
2026-04-12 21:15,53.9,79335
2026-04-12 20:54,51,75027
2026-04-12 20:34,72.1,105993
2026-04-12 20:14,107,157424
2026-04-12 20:12,108,158770
2026-04-12 19:44,146.2,215048
2026-04-12 19:34,161.4,237398
2026-04-12 17:16,163.1,239821
2026-04-12 14:15,163.1,239821
2026-04-12 11:14,162.9,239552
2026-04-12 08:12,161.8,237937
2026-04-12 07:12,161.4,237398
2026-04-12 05:14,162.9,239552
2026-04-12 02:13,162.2,238475
2026-04-11 23:11,162.2,238475
2026-04-11 20:10,162.2,238475
2026-04-11 19:13,161.6,237667
2026-04-11 17:12,162.7,239283
2026-04-11 14:11,162.7,239283
2026-04-11 11:09,162.7,239283
2026-04-11 08:07,162.7,239283
2026-04-11 07:10,162.7,239283
2026-04-11 05:09,162.9,239552
2026-04-11 02:08,162.9,239552
2026-04-10 23:06,162.9,239552
2026-04-10 20:05,163.1,239821
2026-04-10 19:05,163.1,239821
2026-04-10 18:05,163.4,240360
2026-04-10 15:03,163.6,240629
2026-04-10 12:10,163.6,240629
2026-04-10 11:33,163.8,240899
2026-04-10 10:32,164.5,241976
2026-04-10 09:12,166.4,244668
2026-04-10 06:11,167.3,246015
2026-04-10 00:08,168.2,247361
2026-04-09 23:18,167.3,246015
2026-04-09 17:16,165.5,243322
2026-04-09 16:56,163.8,240899
2026-04-09 15:55,162.3,238744
2026-04-09 11:57,162,238206
2026-04-09 11:47,162,238206
2026-04-09 11:07,155.8,229051
2026-04-09 10:14,139.1,204547
2026-04-09 09:26,124.6,183274
2026-04-09 09:19,122.4,180043
2026-04-09 08:59,116.2,170888
2026-04-09 08:03,100.3,147461
2026-04-09 07:13,90.8,133459
2026-04-09 07:03,88.9,130766
2026-04-09 06:23,81.2,119457
2026-04-09 06:16,79.6,117033
2026-04-09 05:47,70.8,104108
2026-04-09 05:27,69.9,102762
2026-04-09 05:07,86,126458
2026-04-09 04:45,88.9,130766
2026-04-09 03:47,73.2,107609
2026-04-09 02:54,56.1,82566
2026-04-09 02:03,39.8,58601
2026-04-09 01:43,33.6,49446
2026-04-09 01:23,44.2,65063
2026-04-09 01:21,47.7,70180
2026-04-09 00:45,100.8,148269
2026-04-09 00:25,126.8,186505
2026-04-09 00:10,135.2,198892
2026-04-09 00:05,133.6,196469
2026-04-08 23:10,115.8,170349
2026-04-08 22:22,100.5,147730
2026-04-08 21:27,82.7,121611
2026-04-08 21:20,80.3,118110
2026-04-08 20:49,73.9,108686
2026-04-08 20:42,73.9,108686
2026-04-08 20:01,125.7,184890
2026-04-08 19:41,151.4,222588
2026-04-08 19:39,154.8,227704
2026-04-08 19:29,162.5,239014
2026-04-08 17:28,163.8,240899
2026-04-08 14:27,164.4,241706
2026-04-08 11:25,162.7,239283
2026-04-08 10:33,162.2,238475
2026-04-08 09:32,162.9,239552
2026-04-08 09:17,162.5,239014
2026-04-08 08:22,154.1,226627
2026-04-08 07:24,138.9,204277
2026-04-08 06:34,122.8,180581
2026-04-08 05:43,106.7,156885
2026-04-08 05:36,104.3,153385
2026-04-08 04:48,94.8,139383
2026-04-08 04:38,94.2,138575
2026-04-08 04:00,129.2,190006
2026-04-08 03:40,148.1,217741
2026-04-08 03:38,149.9,220434
2026-04-08 03:28,153.2,225281
2026-04-08 02:43,138.5,203739
2026-04-08 01:55,123,180851
2026-04-08 00:13,90.6,133189
2026-04-08 00:08,88.9,130766
2026-04-07 23:46,81.6,119995
2026-04-07 22:50,63.8,93876
2026-04-07 22:08,50.1,73680
2026-04-07 21:22,35.6,52408
2026-04-07 21:02,30.1,44329
2026-04-07 20:42,43.5,63986
2026-04-07 20:40,46.6,68564
2026-04-07 19:46,119.3,175465
2026-04-07 19:26,149.7,220165
2026-04-07 19:24,153.2,225281
2026-04-07 19:09,163.1,239821
2026-04-07 16:08,162.9,239552
2026-04-07 13:06,162.2,238475
2026-04-07 10:05,162.2,238475
2026-04-07 09:08,162.5,239014
2026-04-07 07:07,163.1,239821
2026-04-07 04:06,163.1,239821
2026-04-07 01:04,163.1,239821
2026-04-06 22:03,163.3,240091
2026-04-06 21:06,163.3,240091
2026-04-06 19:05,163.3,240091
2026-04-06 16:04,163.4,240360
2026-04-06 13:02,163.3,240091
2026-04-06 10:01,163.1,239821
2026-04-06 09:16,162.7,239283
2026-04-06 08:15,162.3,238744
2026-04-06 07:53,161.2,237129
2026-04-06 07:15,149.7,220165
2026-04-06 06:17,130.3,191622
2026-04-06 05:26,114.2,167926
2026-04-06 05:21,112.5,165502
2026-04-06 04:46,105.4,155001
2026-04-06 04:26,105.2,154731
2026-04-06 04:06,117.9,173311
2026-04-06 04:04,120.6,177350
2026-04-06 03:43,141.1,207509
2026-04-06 03:41,143.1,210471
2026-04-06 03:28,149.2,219357
2026-04-06 02:48,136.2,200238
2026-04-06 01:58,119.9,176273
2026-04-05 21:56,42.4,62371
2026-04-05 21:36,36.2,53215
2026-04-05 21:16,40,58870
2026-04-05 20:55,56.5,83105
2026-04-05 20:50,58.5,86067
2026-04-05 20:00,124.3,182736
2026-04-05 19:40,151.9,223396
2026-04-05 19:38,155.6,228781
2026-04-05 19:00,163.4,240360
2026-04-05 18:16,163.4,240360
2026-04-05 17:24,163.3,240091
2026-04-05 16:23,163.3,240091
2026-04-05 13:22,162.9,239552
2026-04-05 10:04,162.3,238744
2026-04-05 09:07,161.2,237129
2026-04-05 08:54,157.8,232013
2026-04-05 07:56,141.8,208586
2026-04-05 07:06,130.5,191891
2026-04-05 05:24,99.4,146115
2026-04-05 05:17,97.3,143153
2026-04-05 04:49,92,135344
2026-04-05 04:29,92.9,136690
2026-04-05 04:27,94,138306
2026-04-05 04:06,110,161732
2026-04-05 03:46,131.8,193776
2026-04-05 03:26,142.8,209932
2026-04-05 03:24,142.6,209663
2026-04-05 03:03,152.5,224204
2026-04-05 03:01,154.5,227166
2026-04-05 02:51,162.5,239014
2026-04-05 00:50,163.3,240091
2026-04-04 21:48,163.1,239821
2026-04-04 20:51,163.3,240091
2026-04-04 18:50,163.3,240091
2026-04-04 15:49,163.1,239821
2026-04-04 12:47,162.7,239283
2026-04-04 09:46,162.3,238744
2026-04-04 09:29,162.3,238744
2026-04-04 08:36,152.6,224473
2026-04-04 07:38,141.8,208586
2026-04-04 06:40,125,183813
2026-04-04 05:44,107.6,158232
2026-04-04 05:37,105.8,155539
2026-04-04 05:02,97.3,143153
2026-04-04 04:39,96.2,141537
2026-04-04 04:37,97,142614
2026-04-04 04:11,117.1,172234
2026-04-04 03:51,139.1,204547
2026-04-04 03:44,142.4,209394
2026-04-04 03:39,140.7,206970
2026-04-04 02:44,122.8,180581
2026-04-04 01:53,106.9,157155
2026-04-03 22:32,42.6,62640
2026-04-03 22:27,40.9,60217
2026-04-03 22:06,34.7,51061
2026-04-03 21:46,35.6,52408
2026-04-03 21:44,37.5,55100
2026-04-03 21:16,67.9,99800
2026-04-03 21:14,71.3,104916
2026-04-03 20:36,122.1,179504
2026-04-03 20:34,125.2,184082
2026-04-03 20:13,154.1,226627
2026-04-03 20:11,157.8,232013
2026-04-03 19:58,163.1,239821
2026-04-03 16:57,163.1,239821
2026-04-03 13:56,162.7,239283
2026-04-03 10:54,162.3,238744
2026-04-03 10:34,162.3,238744
2026-04-03 09:34,161.6,237667
2026-04-03 09:24,160,235244
2026-04-03 08:31,145,213163
2026-04-03 08:26,144,211817
2026-04-03 08:06,140.6,206701
2026-04-03 07:13,127,186775
2026-04-03 07:06,124.6,183274
2026-04-03 07:01,123,180851
2026-04-03 06:06,105.4,155001
2026-04-03 05:12,91.5,134536
2026-04-03 04:52,86.9,127804
2026-04-03 04:50,86.5,127265
2026-04-03 04:29,91.1,133997
2026-04-03 04:27,92.4,135882
2026-04-03 03:59,121.7,178966
2026-04-03 03:57,124.3,182736
2026-04-03 03:44,134.1,197276
2026-04-03 03:34,130.9,192429
2026-04-03 02:36,112.4,165233
2026-04-02 22:25,31.8,46753
2026-04-02 22:18,29.4,43252
2026-04-02 21:49,20.8,30597
2026-04-02 21:29,19.7,28981
2026-04-02 21:09,33.1,48638
2026-04-02 21:07,35.6,52408
2026-04-02 20:59,44.2,65063
2026-04-02 20:09,121.9,179235
2026-04-02 19:41,150.3,220972
2026-04-02 19:39,154.1,226627
2026-04-02 19:21,163.8,240899
2026-04-02 16:20,164.7,242245
2026-04-02 13:19,163.3,240091
2026-04-02 12:18,161.4,237398
2026-04-02 11:38,162.2,238475
2026-04-02 09:37,162.2,238475
2026-04-02 09:22,162,238206
2026-04-02 08:32,151.5,222857
2026-04-02 07:34,133.2,195930
2026-04-02 06:38,115.8,170349
2026-04-02 06:33,114.2,167926
2026-04-02 06:11,107,157424
2026-04-02 05:15,92.4,135882
2026-04-02 04:55,87.8,129150
2026-04-02 04:50,88.2,129689
2026-04-02 04:15,122.2,179774
2026-04-02 03:55,144.8,212894
2026-04-02 03:43,150.6,221511
2026-04-02 03:25,145,213163
2026-04-02 02:30,127.2,187044
2026-04-02 01:32,108.7,159847
2026-04-01 22:15,45.9,67487
2026-04-01 21:55,39.5,58062
2026-04-01 21:35,33.8,49715
2026-04-01 21:15,41.1,60486
2026-04-01 21:13,42.8,62909
2026-04-01 20:45,75.7,111378
2026-04-01 19:49,154.1,226627
2026-04-01 19:44,161.2,237129
2026-04-01 18:14,163.1,239821
2026-04-01 15:12,163.1,239821
2026-04-01 14:17,162.9,239552
2026-04-01 13:16,162.3,238744
2026-04-01 12:54,161.4,237398
2026-04-01 12:44,159.6,234705
2026-04-01 11:53,143.1,210471
2026-04-01 11:06,127.7,187852
2026-04-01 09:30,97,142614
2026-04-01 09:25,95.3,140191
2026-04-01 08:45,82.5,121341
2026-04-01 07:47,64.2,94414
2026-04-01 07:40,61.8,90914
2026-04-01 06:55,50.8,74757
2026-04-01 05:58,33.3,48907
2026-04-01 05:38,29,42714
2026-04-01 05:36,30.3,44599
2026-04-01 05:33,32.7,48099
2026-04-01 04:35,108.5,159578
2026-04-01 04:15,136.3,200508
2026-04-01 03:55,154.7,227435
2026-04-01 03:15,162,238206
2026-04-01 03:05,160.7,236321
2026-04-01 02:35,150.8,221780
2026-04-01 01:40,133,195661
2026-04-01 00:42,114.4,168195
2026-03-31 22:08,65.1,95761
2026-03-31 22:01,62.7,92260
2026-03-31 21:40,56.3,82835
2026-03-31 21:20,56.5,83105
2026-03-31 21:18,58,85259
2026-03-31 20:50,74.3,109224
2026-03-31 20:48,75.6,111109
2026-03-31 20:07,127.4,187313
2026-03-31 19:47,156.9,230666
2026-03-31 19:25,163.8,240899
2026-03-31 17:24,164.5,241976
2026-03-31 14:22,163.4,240360
2026-03-31 14:00,163.3,240091
2026-03-31 12:59,162.3,238744
2026-03-31 12:42,161.1,236859
2026-03-31 12:12,151.9,223396
2026-03-31 11:14,133,195661
2026-03-31 10:23,116.8,171695
2026-03-31 06:27,38,55908
2026-03-31 06:22,36.4,53485
2026-03-31 05:55,30,44060
2026-03-31 05:45,30,44060
2026-03-31 05:16,58.5,86067
2026-03-31 04:56,82.9,121880
2026-03-31 04:54,86.9,127804
2026-03-31 04:16,133.2,195930
2026-03-31 03:56,153.9,226358
2026-03-31 03:23,162.3,238744
2026-03-31 03:18,162.2,238475
2026-03-31 02:23,145.9,214510
2026-03-31 01:30,128.8,189467
2026-03-31 00:40,112.5,165502
2026-03-30 22:16,66.2,97376
2026-03-30 22:09,63.8,93876
2026-03-30 21:38,54.5,80143
2026-03-30 21:26,53.6,78796
2026-03-30 20:50,74.6,109763
2026-03-30 20:48,75.6,111109
2026-03-30 20:10,123.9,182197
2026-03-30 20:08,126.8,186505
2026-03-30 19:47,155.6,228781
2026-03-30 19:45,159.2,234167
2026-03-30 19:42,162,238206
2026-03-30 15:56,163.4,240360
2026-03-30 13:03,162.9,239552
2026-03-30 12:06,162.9,239552
2026-03-30 10:05,162.7,239283
2026-03-30 07:04,162.9,239552
2026-03-30 04:02,163.4,240360
2026-03-30 00:52,163.4,240360
2026-03-29 23:55,163.6,240629
2026-03-29 21:54,163.6,240629
2026-03-29 18:53,163.8,240899
2026-03-29 15:51,163.8,240899
2026-03-29 12:50,163.8,240899
2026-03-29 11:53,163.8,240899
2026-03-29 09:52,164.2,241437
2026-03-29 06:51,164.4,241706
2026-03-29 03:49,164.7,242245
2026-03-29 00:48,165.1,242783
2026-03-28 23:51,165.3,243053
2026-03-28 21:50,165.3,243053
2026-03-28 18:49,165.6,243591
2026-03-28 15:47,165.8,243861
2026-03-28 12:46,165.8,243861
2026-03-28 11:49,166,244130
2026-03-28 09:48,166.2,244399
2026-03-28 06:47,166.6,244938
2026-03-28 03:45,166.9,245476
2026-03-28 00:43,167.1,245745
2026-03-27 23:46,167.1,245745
2026-03-27 21:45,167.5,246284
2026-03-27 18:44,167.5,246284
2026-03-27 15:42,167.8,246823
2026-03-27 12:41,168,247092
2026-03-27 12:26,168.2,247361
2026-03-27 09:25,168.4,247630
2026-03-27 06:24,168.2,247361
2026-03-27 02:40,168,247092
2026-03-27 00:39,167.1,245745
2026-03-27 00:37,167.1,245745
2026-03-26 23:37,167.1,245745
2026-03-26 20:35,167.3,246015
2026-03-26 17:34,167.7,246553
2026-03-26 14:32,169.1,248707
2026-03-26 13:37,170,250054
2026-03-26 13:12,171.7,252477
2026-03-26 12:27,167.8,246823
2026-03-26 11:34,164,241168
2026-03-26 02:30,162.9,239552
2026-03-26 01:33,162.9,239552
2026-03-25 23:32,162.5,239014
2026-03-25 20:31,162.2,238475
2026-03-25 17:29,163.1,239821
2026-03-25 14:28,162.9,239552
2026-03-25 13:53,162.5,239014
2026-03-25 12:52,162.2,238475
2026-03-25 12:35,161.2,237129
2026-03-25 12:27,159.6,234705
2026-03-25 11:32,141.8,208586
2026-03-25 10:44,126.3,185698
2026-03-25 06:22,44.2,65063
2026-03-25 06:17,42.6,62640
2026-03-25 05:44,32.7,48099
2026-03-25 05:42,32.5,47830
2026-03-25 05:12,64.9,95491
2026-03-25 05:10,68.2,100338
2026-03-25 04:14,134.1,197276
2026-03-25 03:54,155.2,228243
2026-03-25 03:33,162.5,239014
2026-03-25 03:16,162.2,238475
2026-03-25 02:56,160.5,236052
2026-03-25 02:03,143.7,211279
2026-03-25 01:20,130.3,191622
2026-03-24 23:44,99.2,145845
2026-03-24 23:39,97.7,143691
2026-03-24 23:24,92.8,136421
2026-03-24 22:29,75.4,110840
2026-03-24 21:36,59.4,87413
2026-03-24 21:34,58.7,86336
2026-03-24 21:13,65.7,96568
2026-03-24 20:53,79.6,117033
2026-03-24 20:48,80.3,118110
2026-03-24 20:08,128.7,189198
2026-03-24 19:48,155,227973
2026-03-24 19:46,158.3,232820
2026-03-24 19:43,161.1,236859
2026-03-24 17:34,162.9,239552
2026-03-24 16:37,162.9,239552
2026-03-24 13:35,162,238206
2026-03-24 13:08,161.8,237937
2026-03-24 12:28,152.3,223934
2026-03-24 11:30,134.1,197276
2026-03-24 10:47,125.2,184082
2026-03-24 05:57,35.8,52677
2026-03-24 05:37,30,44060
2026-03-24 05:30,30.7,45137
2026-03-24 04:52,80.7,118649
2026-03-24 03:57,148.4,218280
2026-03-24 03:55,151,222049
2026-03-24 03:42,155.8,229051
2026-03-24 03:25,150.1,220703
2026-03-24 02:29,133,195661
2026-03-23 23:00,68,100069
2026-03-23 22:53,65.8,96838
2026-03-23 22:45,63.5,93337
2026-03-23 21:47,45.7,67218
2026-03-23 21:27,41.9,61563
2026-03-23 21:25,42.2,62101
2026-03-23 20:59,61.6,90644
2026-03-23 20:57,64.6,94953
2026-03-23 20:09,124.8,183543
2026-03-23 19:48,153.7,226089
2026-03-23 19:46,157.4,231474
2026-03-23 19:28,162.9,239552
2026-03-23 16:27,162.5,239014
2026-03-23 15:42,162.3,238744
2026-03-23 14:41,161.8,237937
2026-03-23 14:16,160.7,236321
2026-03-23 13:51,153.4,225550
2026-03-23 12:53,136.7,201046
2026-03-23 11:55,118.8,174657
2026-03-23 10:05,88.9,130766
2026-03-23 09:58,86.5,127265
2026-03-23 09:35,79.9,117572
2026-03-23 08:39,63.1,92799
2026-03-23 08:32,60.7,89298
2026-03-23 07:59,51.6,75834
2026-03-23 07:22,50.8,74757
2026-03-23 07:07,45.9,67487
2026-03-23 06:10,28.7,42175
2026-03-23 05:50,23,33828
2026-03-23 05:40,23.2,34097
2026-03-23 05:10,64.4,94683
2026-03-23 05:08,67.5,99261
2026-03-23 04:17,133,195661
2026-03-23 03:57,156.3,229858
2026-03-23 03:55,159.4,234436
2026-03-23 03:52,161.6,237667
2026-03-23 02:52,162.3,238744
2026-03-23 02:25,161.4,237398
2026-03-23 02:17,159.6,234705
2026-03-23 01:22,141.8,208586
2026-03-23 00:34,126.5,185967
2026-03-22 23:43,110.3,162271
2026-03-22 23:36,108.1,159040
2026-03-22 23:11,100.1,147192
2026-03-22 22:15,82.5,121341
2026-03-22 21:27,67.5,99261
2026-03-22 21:07,62.4,91721
2026-03-22 21:05,62.7,92260
2026-03-22 20:17,118,173580
2026-03-22 19:56,143.5,211009
2026-03-22 19:54,147,216125
2026-03-22 19:44,159.8,234975
2026-03-22 18:18,161.6,237667
2026-03-22 17:53,163.4,240360
2026-03-22 15:53,163.3,240091
2026-03-22 12:51,162.9,239552
2026-03-22 09:50,162.7,239283
2026-03-22 09:28,162.5,239014
2026-03-22 08:27,162,238206
2026-03-22 08:07,160.9,236590
2026-03-22 07:47,155,227973
2026-03-22 06:49,136.9,201315
2026-03-22 06:44,135.2,198892
2026-03-22 05:57,120.4,177081
2026-03-22 05:00,105.8,155539
2026-03-22 04:40,101.6,149346
2026-03-22 04:20,106.7,156885
2026-03-22 04:18,109.1,160386
2026-03-22 04:03,133.8,196738
2026-03-22 04:01,136.7,201046
2026-03-22 03:51,141.1,207509
2026-03-22 02:56,123.9,182197
2026-03-22 02:05,108.1,159040
2026-03-22 01:06,92.4,135882
2026-03-22 01:01,90.8,133459
2026-03-22 00:54,88.6,130227
2026-03-21 23:58,71.5,105185
2026-03-21 23:38,67.3,98992
2026-03-21 23:36,67.7,99530
2026-03-21 23:16,80.9,118918
2026-03-21 23:14,82.9,121880
2026-03-21 23:01,86.5,127265
2026-03-21 22:51,83.2,122419
2026-03-21 21:55,66,97107
2026-03-21 21:48,63.8,93876
2026-03-21 21:22,56.3,82835
2026-03-21 21:02,54.9,80681
2026-03-21 21:00,56,82297
2026-03-21 20:07,126.3,185698
2026-03-21 19:47,156.3,229858
2026-03-21 19:45,160,235244
2026-03-21 19:02,163.6,240629
2026-03-21 17:01,163.4,240360
2026-03-21 14:00,163.1,239821
2026-03-21 10:58,162.7,239283
2026-03-21 10:36,162.5,239014
2026-03-21 09:35,162.2,238475
2026-03-21 09:28,161.8,237937
2026-03-21 08:48,151.4,222588
2026-03-21 07:50,133.6,196469
2026-03-21 07:02,118.6,174388
2026-03-21 05:21,87.1,128073
2026-03-21 05:16,85.4,125650
2026-03-21 04:36,73,107339
2026-03-21 04:16,70.1,103031
2026-03-21 04:14,70.8,104108
2026-03-21 03:53,85.1,125111
2026-03-21 03:38,87.6,128881
2026-03-21 02:40,69.5,102223
2026-03-21 02:35,67.9,99800
2026-03-21 02:00,56.9,83643
2026-03-21 01:07,40.4,59409
2026-03-21 00:17,24.8,36521
2026-03-21 00:12,23.6,34636
2026-03-20 23:51,26.5,38944
2026-03-20 23:49,27.8,40829
2026-03-20 23:31,45.3,66679
2026-03-20 22:33,125.4,184351
2026-03-20 22:13,152.6,224473
2026-03-20 22:11,156.5,230128
2026-03-20 21:38,163.4,240360
2026-03-20 18:37,163.3,240091
2026-03-20 15:36,162.9,239552
2026-03-20 14:39,162.9,239552
2026-03-20 12:38,162.5,239014
2026-03-20 09:37,162.3,238744
2026-03-20 06:35,163.1,239821
2026-03-20 03:33,163.1,239821
2026-03-20 02:36,163.1,239821
2026-03-20 00:35,163.1,239821
2026-03-19 21:34,163.1,239821
2026-03-19 18:32,163.1,239821
2026-03-19 15:31,163.1,239821
2026-03-19 14:34,163.1,239821
2026-03-19 12:33,163.1,239821
2026-03-19 09:32,164,241168
2026-03-19 06:30,164.5,241976
2026-03-19 03:29,164,241168
2026-03-19 02:32,163.8,240899
2026-03-19 00:31,163.4,240360
2026-03-18 21:30,163.4,240360
2026-03-18 18:28,163.4,240360
2026-03-18 15:27,163.1,239821
2026-03-18 15:15,163.1,239821
2026-03-18 13:13,162.3,238744
2026-03-18 12:53,161.8,237937
2026-03-18 12:36,158,232282
2026-03-18 11:40,140.4,206432
2026-03-18 10:53,125,183813
2026-03-18 06:46,47,69103
2026-03-18 06:41,45.3,66679
2026-03-18 06:31,42,61832
2026-03-18 05:33,26.8,39483
2026-03-18 05:13,23.6,34636
2026-03-18 05:11,24.8,36521
2026-03-18 04:46,53.8,79066
2026-03-18 03:49,125.2,184082
2026-03-18 03:29,151.7,223127
2026-03-18 03:27,155,227973
2026-03-18 03:14,159.1,233897
2026-03-18 03:07,156.7,230397
2026-03-18 02:14,139.8,205624
2026-03-17 23:53,95,139652
2026-03-17 23:48,93.3,137229
2026-03-17 23:21,84.5,124303
2026-03-17 22:28,67.9,99800
2026-03-17 21:43,51.4,75565
2026-03-17 21:14,46.3,68025
2026-03-17 21:12,46.4,68295
2026-03-17 21:07,48.6,71526
2026-03-17 20:09,125.9,185159
2026-03-17 19:49,153.2,225281
2026-03-17 19:47,157,230935
2026-03-17 19:42,162.5,239014
2026-03-17 17:41,162.9,239552
2026-03-17 14:39,162.5,239014
2026-03-17 13:57,162.3,238744
2026-03-17 12:56,162.2,238475
2026-03-17 12:36,161.4,237398
2026-03-17 12:21,157.4,231474
2026-03-17 11:28,140.6,206701
2026-03-17 10:36,123.9,182197
2026-03-17 06:13,41.3,60755
2026-03-17 06:06,38.9,57255
2026-03-17 05:18,24.1,35443
2026-03-17 05:06,22.1,32481
2026-03-17 04:38,39.7,58332
2026-03-17 04:18,53,77989
2026-03-17 03:57,78.7,115687
2026-03-17 03:55,82.3,121072
2026-03-17 03:45,84,123496
2026-03-17 03:10,73,107339
2026-03-17 02:14,55.6,81758
2026-03-17 01:27,40.4,59409
2026-03-17 01:22,38.8,56985
2026-03-17 00:46,27.9,41098
2026-03-17 00:39,27.2,40021
2026-03-17 00:19,38.4,56447
2026-03-17 00:17,40.6,59678
2026-03-16 23:59,45.9,67487
2026-03-16 23:01,27.6,40560
2026-03-16 22:54,25.4,37328
2026-03-16 22:41,21.5,31674
2026-03-16 21:43,19.9,29250
2026-03-16 21:22,20.1,29519
2026-03-16 21:20,23.2,34097
2026-03-16 21:15,29.2,42983
2026-03-16 20:17,111.6,164156
2026-03-16 20:15,114.7,168733
2026-03-16 19:49,152.6,224473
2026-03-16 19:47,156.3,229858
2026-03-16 19:44,159.8,234975
2026-03-16 18:47,163.3,240091
2026-03-16 16:46,163.3,240091
2026-03-16 13:44,162.9,239552
2026-03-16 12:49,162.9,239552
2026-03-16 10:48,162.7,239283
2026-03-16 10:08,161.6,237667
2026-03-16 09:25,149.5,219895
2026-03-16 08:28,136.5,200777
2026-03-16 06:42,122.1,179504
2026-03-16 04:58,93.1,136959
2026-03-16 04:38,88.7,130497
2026-03-16 04:18,102.7,150961
2026-03-16 03:58,128.1,188390
2026-03-16 03:56,131.4,193237
2026-03-16 03:48,134.7,198084
2026-03-16 03:08,122.1,179504
2026-03-16 03:01,119.7,176004
2026-03-16 02:51,116.4,171157
2026-03-16 01:53,98.3,144499
2026-03-16 01:02,82.3,121072
2026-03-16 00:42,77,113263
2026-03-16 00:40,77,113263
2026-03-16 00:19,87.6,128881
2026-03-16 00:17,89.8,132112
2026-03-16 00:02,96.6,142075
2026-03-15 23:12,80.9,118918
2026-03-15 22:26,66.8,98184
2026-03-15 21:44,51.2,75296
2026-03-15 21:15,45.7,67218
2026-03-15 21:13,45.9,67487
2026-03-15 21:05,49.7,73142
2026-03-15 20:07,128.3,188660
2026-03-15 19:47,155.6,228781
2026-03-15 19:45,159.4,234436
2026-03-15 18:52,163.3,240091
2026-03-15 17:52,163.3,240091
2026-03-15 14:50,162.9,239552
2026-03-15 14:20,162.7,239283
2026-03-15 12:19,161.8,237937
2026-03-15 11:44,160.5,236052
2026-03-15 11:14,151,222049
2026-03-15 10:19,133.4,196199
2026-03-15 09:21,115.1,169272
2026-03-15 06:09,54.5,80143
2026-03-15 06:02,52.3,76911
2026-03-15 05:57,50.7,74488
2026-03-15 05:01,36.4,53485
2026-03-15 04:46,34.2,50253
2026-03-15 03:56,87.6,128881
2026-03-15 03:54,90.6,133189
2026-03-15 03:46,96.8,142345
2026-03-15 03:04,83.6,122957
2026-03-15 02:06,65.3,96030
2026-03-15 01:15,49.2,72334
2026-03-15 01:08,47,69103
2026-03-15 00:47,40.8,59947
2026-03-15 00:35,40.6,59678
2026-03-15 00:15,54.1,79604
2026-03-15 00:13,56.1,82566
2026-03-15 00:00,58.5,86067
2026-03-14 23:14,44.1,64794
2026-03-14 23:09,42.6,62640
2026-03-14 22:19,26.7,39213
2026-03-14 22:17,25.7,37867
2026-03-14 21:56,19.9,29250
2026-03-14 21:36,21.2,31135
2026-03-14 21:34,22.6,33289
2026-03-14 20:41,86,126458
2026-03-14 20:39,89.5,131574
2026-03-14 19:48,154.8,227704
2026-03-14 19:46,158,232282
2026-03-14 19:18,162.3,238744
2026-03-14 16:16,162.7,239283
2026-03-14 15:54,162.7,239283
2026-03-14 14:53,162.5,239014
2026-03-14 11:52,162,238206
2026-03-14 11:20,160.9,236590
2026-03-14 11:07,157,230935
2026-03-14 10:09,138.9,204277
2026-03-14 09:24,124.4,183005
2026-03-14 07:43,92.8,136421
2026-03-14 07:38,91.1,133997
2026-03-14 07:01,79.4,116764
2026-03-14 06:02,61.8,90914
2026-03-14 05:55,60,88221
2026-03-14 05:17,54.1,79604
2026-03-14 04:57,53.4,78527
2026-03-14 04:55,54.9,80681
2026-03-14 04:52,57.1,83913
2026-03-14 04:02,125.7,184890
2026-03-14 04:00,128.3,188660
2026-03-14 03:50,131.2,192968
2026-03-14 03:22,122.4,180043
2026-03-14 02:27,105.2,154731
2026-03-14 01:28,89.3,131305
2026-03-14 01:21,86.9,127804
2026-03-14 00:46,75.7,111378
2026-03-13 23:48,57.6,84720
2026-03-13 23:00,42.6,62640
2026-03-13 22:09,26.8,39483
2026-03-13 21:49,21.4,31404
2026-03-13 21:37,26.1,38405
2026-03-13 21:35,27.4,40290
2026-03-13 21:12,50.3,73949
2026-03-13 20:08,126.6,186236
2026-03-13 19:48,154.1,226627
2026-03-13 19:46,157.8,232013
2026-03-13 18:53,163.1,239821
2026-03-13 17:53,163.1,239821
2026-03-13 14:51,162.9,239552
2026-03-13 14:36,162.7,239283
2026-03-13 12:35,162,238206
2026-03-13 12:08,161.1,236859
2026-03-13 11:40,153.9,226358
2026-03-13 11:35,152.6,224473
2026-03-13 11:08,144.8,212894
2026-03-13 10:15,132.7,195122
2026-03-13 09:17,115.7,170080
2026-03-13 05:50,51.2,75296
2026-03-13 05:43,49,72065
2026-03-13 05:23,44.4,65333
2026-03-13 05:02,45.5,66948
2026-03-13 05:00,47,69103
2026-03-13 04:30,77,113263
2026-03-13 04:28,79.4,116764
2026-03-13 03:59,113.8,167387
2026-03-13 03:57,116.9,171965
2026-03-13 03:49,122.8,180581
2026-03-13 03:27,115.5,169811
2026-03-13 02:31,98.1,144230
2026-03-12 22:50,28.1,41367
2026-03-12 22:43,25.9,38136
2026-03-12 22:25,20.4,30058
2026-03-12 22:20,23.2,34097
2026-03-12 21:39,19.9,29250
2026-03-12 21:37,19.9,29250
2026-03-12 21:18,50.8,74757
2026-03-12 21:16,54.1,79604
2026-03-12 20:21,112.4,165233
2026-03-12 20:19,114.9,169003
2026-03-12 19:49,153.9,226358
2026-03-12 19:47,157,230935
2026-03-12 19:14,162.7,239283
2026-03-12 18:14,162.7,239283
2026-03-12 15:12,162.3,238744
2026-03-12 14:32,162,238206
2026-03-12 12:31,162.2,238475
2026-03-12 12:06,160.9,236590
2026-03-12 11:51,156.3,229858
2026-03-12 10:58,139.8,205624
2026-03-12 10:51,137.4,202123
2026-03-12 10:18,127,186775
2026-03-12 09:25,110.9,163079
2026-03-12 08:34,99,145576
2026-03-12 08:27,97.2,142883
2026-03-12 07:54,92,135344
2026-03-12 07:26,92.8,136421
2026-03-12 07:19,94.6,139113
2026-03-12 06:21,104.1,153116
2026-03-12 05:51,100.6,147999
2026-03-12 04:58,90.6,133189
2026-03-12 04:38,88.9,130766
2026-03-12 04:18,105.9,155808
2026-03-12 03:57,135.1,198623
2026-03-12 03:55,138.5,203739
2026-03-12 03:47,140.9,207239
2026-03-12 03:17,131.4,193237
2026-03-12 02:22,114,167656
2026-03-11 23:53,67.3,98992
2026-03-11 23:48,65.7,96568
2026-03-11 23:06,52.3,76911
2026-03-11 22:08,34.2,50253
2026-03-11 21:47,29.4,43252
2026-03-11 21:27,28.1,41367
2026-03-11 21:25,28.9,42445
2026-03-11 20:45,77.2,113533
2026-03-11 19:49,152.8,224742
2026-03-11 19:47,156.5,230128
2026-03-11 18:54,162.9,239552
2026-03-11 17:54,162.7,239283
2026-03-11 14:52,162.3,238744
2026-03-11 14:07,162,238206
2026-03-11 13:07,162.2,238475
2026-03-11 12:57,162,238206
2026-03-11 12:05,148.2,218010
2026-03-11 11:07,129.9,191083
2026-03-11 10:09,112.2,164964
2026-03-11 06:04,38,55908
2026-03-11 05:57,35.8,52677
2026-03-11 05:16,28.1,41367
2026-03-11 05:14,28.1,41367
2026-03-11 04:53,39.8,58601
2026-03-11 04:51,42.2,62101
2026-03-11 04:23,71.7,105454
2026-03-11 04:03,98.4,144768
2026-03-11 04:01,102.5,150692
2026-03-11 03:51,113.5,166849
2026-03-11 03:28,106.5,156616
2026-03-11 02:33,88.9,130766
2026-03-10 23:21,28.3,41637
2026-03-10 23:14,26.3,38675
2026-03-10 22:59,21.5,31674
2026-03-10 21:50,19.9,29250
2026-03-10 21:30,19.9,29250
2026-03-10 21:28,21,30866
2026-03-10 21:05,48.8,71795
2026-03-10 20:10,124.1,182466
2026-03-10 19:50,151.9,223396
2026-03-10 19:48,155.6,228781
2026-03-10 19:30,162.5,239014
2026-03-10 18:30,162.5,239014
2026-03-10 15:28,161.4,237398
2026-03-10 14:46,160.9,236590
2026-03-10 13:45,161.8,237937
2026-03-10 13:20,160.9,236590
2026-03-10 12:54,152.8,224742
2026-03-10 12:47,150.4,221242
2026-03-10 12:09,139.3,204816
2026-03-10 11:59,139.1,204547
2026-03-10 11:14,131.4,193237
2026-03-10 11:09,130.3,191622
2026-03-10 11:02,128.3,188660
2026-03-10 10:07,111.1,163348
2026-03-10 09:09,92.8,136421
2026-03-10 05:49,31.8,46753
2026-03-10 05:44,30.1,44329
2026-03-10 05:24,24.3,35713
2026-03-10 05:04,25.7,37867
2026-03-10 05:02,27.2,40021
2026-03-10 04:54,33.4,49176
2026-03-10 03:56,103,151500
2026-03-10 03:54,105.6,155270
2026-03-10 03:41,110.5,162540
2026-03-10 02:44,92.4,135882
2026-03-10 01:56,77.4,113802
2026-03-09 23:19,28.1,41367
2026-03-09 23:12,25.9,38136
2026-03-09 22:31,19.7,28981
2026-03-09 22:29,19.9,29250
2026-03-09 21:28,19.3,28442
2026-03-09 21:26,19.7,28981
2026-03-09 21:16,32.2,47291
2026-03-09 20:18,112,164694
2026-03-09 20:16,115.1,169272
2026-03-09 19:48,154.8,227704
2026-03-09 19:46,158.3,232820
2026-03-09 19:43,160.9,236590
2026-03-09 18:43,162.3,238744
2026-03-09 15:41,161.4,237398
2026-03-09 15:21,161.4,237398
2026-03-09 13:20,160.9,236590
2026-03-09 13:05,160.7,236321
2026-03-09 11:55,161.4,237398
2026-03-09 11:17,158.1,232551
2026-03-09 11:00,157.2,231205
2026-03-09 10:05,143.9,211548
2026-03-09 09:12,126.8,186505
2026-03-09 08:14,108.9,160117
2026-03-09 06:27,75.9,111648
2026-03-09 06:22,74.3,109224
2026-03-09 05:47,63.3,93068
2026-03-09 04:52,46.1,67756
2026-03-09 04:32,41.5,61024
2026-03-09 04:30,42,61832
2026-03-09 04:04,61.5,90375
2026-03-09 03:44,83.2,122419
2026-03-09 03:42,86.9,127804
2026-03-09 03:06,114.6,168464
2026-03-09 03:01,117.5,172773
2026-03-09 02:36,109.8,161463
2026-03-09 01:41,92.4,135882
2026-03-09 00:53,77.4,113802
2026-03-08 22:32,32.9,48369
2026-03-08 22:25,30.5,44868
2026-03-08 22:12,24.5,35982
2026-03-08 21:44,24.8,36521
2026-03-08 21:42,26.3,38675
2026-03-08 21:04,73,107339
2026-03-08 21:02,76.7,112725
2026-03-08 20:41,104.9,154193
2026-03-08 20:39,107.4,157963
2026-03-08 20:01,157.8,232013
2026-03-08 19:59,160.9,236590
2026-03-08 16:48,162.7,239283
2026-03-08 13:46,162.7,239283
2026-03-08 12:48,162,238206
2026-03-08 12:41,161.4,237398
2026-03-08 12:33,159.8,234975
2026-03-08 11:38,142,208855
2026-03-08 10:45,125,183813
2026-03-08 05:38,28.1,41367
2026-03-08 05:33,26.5,38944
2026-03-08 05:05,19.7,28981
2026-03-08 04:35,19.7,28981
2026-03-08 04:14,25,36790
2026-03-08 04:12,27.4,40290
2026-03-08 03:44,58.7,86336
2026-03-08 03:42,62.4,91721
2026-03-08 03:07,93.9,138036
2026-03-08 03:02,97.3,143153
2026-03-08 02:55,95.7,140729
2026-03-08 02:00,78.1,114879
2026-03-08 01:09,62.2,91452
2026-03-07 23:28,30.3,44599
2026-03-07 23:23,28.7,42175
2026-03-07 22:57,21,30866
2026-03-07 22:30,19.7,28981
2026-03-07 21:29,19.9,29250
2026-03-07 21:27,19.7,28981
2026-03-07 20:59,56.7,83374
2026-03-07 20:04,131.4,193237
2026-03-07 19:44,160,235244
2026-03-07 18:49,161.6,237667
2026-03-07 16:48,163.1,239821
2026-03-07 13:46,162.5,239014
2026-03-07 13:01,161.8,237937
2026-03-07 12:56,161.4,237398
2026-03-07 12:34,155.8,229051
2026-03-07 11:38,137.8,202662
2026-03-07 10:56,126.1,185428
2026-03-07 06:54,51,75027
2026-03-07 06:47,48.6,71526
2026-03-07 06:42,47,69103
2026-03-07 06:02,29.2,42983
2026-03-07 05:25,25.2,37059
2026-03-07 05:05,36,52946
2026-03-07 05:03,38.8,56985
2026-03-07 04:38,71.7,105454
2026-03-07 04:17,92,135344
2026-03-07 03:57,98.3,144499
2026-03-07 03:55,100.8,148269
2026-03-07 03:10,145.7,214241
2026-03-07 03:08,147.3,216664
2026-03-07 03:00,151.2,222319
2026-03-07 02:40,144.8,212894
2026-03-07 01:47,127.9,188121
2026-03-06 22:28,64.8,95222
2026-03-06 22:21,62.4,91721
2026-03-06 21:35,48.1,70718
2026-03-06 21:15,45,66141
2026-03-06 21:13,45.7,67218
2026-03-06 21:08,49.9,73411
2026-03-06 20:09,125.4,184351
2026-03-06 19:49,152.6,224473
2026-03-06 19:47,156.3,229858
2026-03-06 19:34,162.7,239283
2026-03-06 18:34,162.7,239283
2026-03-06 15:32,162.5,239014
2026-03-06 15:15,162.5,239014
2026-03-06 12:14,161.8,237937
2026-03-06 08:32,162.3,238744
2026-03-06 06:31,162.7,239283
2026-03-06 03:30,162.7,239283
2026-03-06 02:33,162.7,239283
2026-03-06 00:32,162.7,239283
2026-03-05 21:31,162.7,239283
2026-03-05 18:29,162.9,239552
2026-03-05 15:28,162.9,239552
2026-03-05 14:31,163.1,239821
2026-03-05 12:30,162.9,239552
2026-03-05 09:29,163.4,240360
2026-03-05 06:27,164.5,241976
2026-03-05 03:26,164.9,242514
2026-03-05 02:29,164.9,242514
2026-03-05 00:28,165.1,242783
2026-03-04 21:27,165.5,243322
2026-03-04 18:25,165.6,243591
2026-03-04 15:23,165.8,243861
2026-03-04 14:53,165.8,243861
2026-03-04 12:52,166.9,245476
2026-03-04 12:35,166.9,245476
2026-03-04 12:17,165.3,243053
2026-03-04 09:54,163.8,240899
2026-03-04 06:53,164.5,241976
2026-03-04 00:50,165.1,242783
2026-03-03 23:53,165.3,243053
2026-03-03 21:52,165.3,243053
2026-03-03 18:51,165.6,243591
2026-03-03 15:49,166,244130
2026-03-03 12:48,166.4,244668
2026-03-03 12:38,166.6,244938
2026-03-03 10:38,166.7,245207
2026-03-03 07:36,167.3,246015
2026-03-03 04:35,168.2,247361
2026-03-03 01:42,169.1,248707
2026-03-03 01:32,169.1,248707
2026-03-02 22:31,167.7,246553
2026-03-02 16:29,168.6,247900
2026-03-02 15:33,165.3,243053
2026-03-02 13:31,163.6,240629
2026-03-02 12:34,163.6,240629
2026-03-02 10:33,163.4,240360
2026-03-02 07:32,163.4,240360
2026-03-02 04:30,163.4,240360
2026-03-02 01:29,163.1,239821
2026-03-02 00:32,163.1,239821
2026-03-01 22:31,163.1,239821
2026-03-01 19:30,162.9,239552
2026-03-01 16:28,162.7,239283
2026-03-01 13:27,162.3,238744
2026-03-01 12:50,162.3,238744
2026-03-01 11:48,162,238206
2026-03-01 11:21,160.5,236052
2026-03-01 10:51,150.8,221780
2026-03-01 09:53,132.7,195122
2026-03-01 09:48,131,192699
2026-03-01 09:23,123.2,181120
2026-03-01 08:25,105,154462
2026-03-01 07:40,91.1,133997
2026-03-01 05:08,44.1,64794
2026-03-01 04:48,38.4,56447
2026-03-01 04:28,43.5,63986
2026-03-01 04:26,45.7,67218
2026-03-01 03:50,82.5,121341
2026-03-01 03:48,86,126458
2026-03-01 03:15,117.3,172503
2026-03-01 03:13,119.5,175735
2026-03-01 02:58,126.6,186236
2026-03-01 02:03,109.2,160655
2026-03-01 01:20,96.1,141268
2026-02-28 22:08,36.4,53485
2026-02-28 21:48,30.5,44868
2026-02-28 21:28,33.4,49176
2026-02-28 21:26,35.1,51600
2026-02-28 21:08,50.8,74757
2026-02-28 20:10,126.5,185967
2026-02-28 19:50,152.6,224473
2026-02-28 19:48,156.1,229589
2026-02-28 19:00,162.5,239014
2026-02-28 15:59,162.2,238475
2026-02-28 12:57,161.6,237667
2026-02-28 12:25,161.6,237667
2026-02-28 12:02,160,235244
2026-02-28 11:04,143.3,210740
2026-02-28 10:11,126.8,186505
2026-02-28 05:57,47.4,69641
2026-02-28 05:50,45.2,66410
2026-02-28 05:37,41.3,60755
2026-02-28 04:44,31.4,46214
2026-02-28 04:32,29.2,42983
2026-02-28 04:27,30.7,45137
2026-02-28 03:41,74.3,109224
2026-02-28 03:39,77.6,114071
2026-02-28 03:10,100.8,148269
2026-02-28 03:08,102.7,150961
2026-02-28 02:58,106.9,157155
2026-02-28 02:28,97.3,143153
2026-02-28 01:32,79.9,117572
2026-02-27 22:51,29.2,42983
2026-02-27 22:46,27.6,40560
2026-02-27 22:13,19.7,28981
2026-02-27 21:46,19.7,28981
2026-02-27 21:26,25.7,37867
2026-02-27 21:24,28.7,42175
2026-02-27 21:09,48.1,70718
2026-02-27 20:10,123.5,181659
2026-02-27 19:50,151.7,223127
2026-02-27 19:48,155.2,228243
2026-02-27 19:00,162.3,238744
2026-02-27 16:59,162.3,238744
2026-02-27 16:12,162.3,238744
2026-02-27 15:11,161.6,237667
2026-02-27 14:49,160.7,236321
2026-02-27 14:20,152.6,224473
2026-02-27 14:15,150.8,221780
2026-02-27 13:58,145.3,213702
2026-02-27 13:02,127.7,187852
2026-02-27 12:09,111.6,164156
2026-02-27 12:04,110.3,162271
2026-02-27 11:27,100.5,147730
2026-02-27 10:34,83.6,122957
2026-02-27 09:51,71,104377
2026-02-27 08:58,55.8,82028
2026-02-27 08:53,54.1,79604
2026-02-27 08:20,44.1,64794
2026-02-27 08:05,42.8,62909
2026-02-27 07:23,80.3,118110
2026-02-27 07:21,82,120534
2026-02-27 07:06,92,135344
2026-02-27 06:56,88.7,130497
2026-02-27 05:58,71,104377
2026-02-27 05:02,53.6,78796
2026-02-27 04:42,48.5,71257
2026-02-27 04:21,55.4,81489
2026-02-27 04:19,57.4,84451
2026-02-27 03:44,95.5,140460
2026-02-27 03:42,98.8,145307
2026-02-27 03:08,127.4,187313
2026-02-27 03:06,129.4,190275
2026-02-27 02:56,131.2,192968
2026-02-27 02:31,123.3,181389
2026-02-27 01:33,105,154462
2026-02-26 22:14,42.6,62640
2026-02-26 21:54,36.2,53215
2026-02-26 21:34,32.5,47830
2026-02-26 21:32,33.3,48907
2026-02-26 20:59,63.1,92799
2026-02-26 20:03,135.8,199700
2026-02-26 19:43,160.7,236321
2026-02-26 18:46,162.3,238744
2026-02-26 16:44,161.8,237937
2026-02-26 16:12,160.3,235782
2026-02-26 15:34,148.4,218280
2026-02-26 14:41,131.2,192968
2026-02-26 13:56,117.9,173311
2026-02-26 10:34,54.3,79873
2026-02-26 10:29,52.7,77450
2026-02-26 10:22,50.3,73949
2026-02-26 09:29,34,49984
2026-02-26 09:24,32.3,47561
2026-02-26 09:17,30,44060
2026-02-26 08:22,19.7,28981
2026-02-26 08:01,24.5,35982
2026-02-26 07:49,24.3,35713
2026-02-26 07:28,37.3,54831
2026-02-26 07:08,50.5,74219
2026-02-26 07:06,52.7,77450
2026-02-26 06:43,60.4,88759
2026-02-26 05:56,45.5,66948
2026-02-26 05:02,28.9,42445
2026-02-26 04:42,24.1,35443
2026-02-26 04:35,25,36790
2026-02-26 04:04,47.2,69372
2026-02-26 04:02,49.9,73411
2026-02-26 03:47,63.3,93068
2026-02-26 02:49,101.4,149077
2026-02-26 02:47,103.2,151769
2026-02-26 02:37,105.6,155270
2026-02-26 02:02,94.4,138844
2026-02-26 01:06,77.2,113533
2026-02-25 23:27,46.4,68295
2026-02-25 23:20,44.1,64794
2026-02-25 23:10,40.8,59947
2026-02-25 22:14,23.7,34905
2026-02-25 21:54,19.7,28981
2026-02-25 21:34,23.7,34905
2026-02-25 21:32,25.2,37059
2026-02-25 20:59,61.5,90375
2026-02-25 20:04,133.8,196738
2026-02-25 19:43,160,235244
2026-02-25 19:41,161.6,237667
2026-02-25 18:41,162,238206
2026-02-25 15:39,161.6,237667
2026-02-25 14:57,161.2,237129
2026-02-25 14:37,157,230935
2026-02-25 13:44,141.1,207509
2026-02-25 12:58,130.3,191622
2026-02-25 08:39,52.7,77450
2026-02-25 08:32,50.5,74219
2026-02-25 07:51,39.3,57793
2026-02-25 07:49,38.6,56716
2026-02-25 07:29,36.6,53754
2026-02-25 07:24,37.3,54831
2026-02-25 06:28,73.9,108686
2026-02-25 06:23,77.8,114340
2026-02-25 06:16,79.8,117302
2026-02-25 05:53,73.4,107878
2026-02-25 05:00,57.1,83913
2026-02-25 04:53,54.7,80412
2026-02-25 04:15,42.8,62909
2026-02-25 03:55,40.4,59409
2026-02-25 03:53,41.7,61294
2026-02-25 03:48,45.9,67487
2026-02-25 02:49,114,167656
2026-02-25 02:29,139.1,204547
2026-02-25 02:27,142.2,209124
2026-02-25 02:19,147.1,216395
2026-02-25 01:29,131.4,193237
2026-02-25 00:34,114,167656
2026-02-24 22:43,79.2,116495
2026-02-24 22:36,76.8,112994
2026-02-24 22:31,75.2,110571
2026-02-24 21:35,61.3,90106
2026-02-24 21:15,58.5,86067
2026-02-24 21:13,58.9,86605
2026-02-24 20:52,79,116225
2026-02-24 20:50,82.1,120803
2026-02-24 20:14,123.3,181389
2026-02-24 20:12,126.3,185698
2026-02-24 19:49,153.4,225550
2026-02-24 19:47,156.5,230128
2026-02-24 19:04,162.3,238744
2026-02-24 18:04,162.3,238744
2026-02-24 15:02,161.6,237667
2026-02-24 14:47,161.6,237667
2026-02-24 13:47,161.4,237398
2026-02-24 13:27,160,235244
2026-02-24 13:15,155.9,229320
2026-02-24 12:22,139.5,205085
2026-02-24 11:24,122.1,179504
2026-02-24 10:25,104.9,154193
2026-02-24 10:20,103.2,151769
2026-02-24 09:40,90.6,133189
2026-02-24 08:42,77.8,114340
2026-02-24 08:40,77.4,113802
2026-02-24 08:25,75.6,111109
2026-02-24 08:05,85.8,126188
2026-02-24 07:06,114,167656
2026-02-24 07:01,116.4,171157
2026-02-24 06:29,119.5,175735
2026-02-24 06:17,118,173580
2026-02-24 05:37,107.2,157693
2026-02-24 04:39,89.1,131035
2026-02-24 03:48,73.2,107609
2026-02-24 03:43,71.5,105185
2026-02-24 03:22,65.7,96568
2026-02-24 03:02,66.8,98184
2026-02-24 03:00,68,100069
2026-02-24 02:40,87.5,128612
2026-02-24 02:38,90.6,133189
2026-02-24 02:09,124.8,183543
2026-02-24 02:07,127.9,188121
2026-02-24 01:57,132.5,194853
2026-02-24 01:52,130.9,192429
2026-02-24 00:54,112.7,165771
2026-02-23 23:16,82,120534
2026-02-23 23:09,79.6,117033
2026-02-23 22:46,72.4,106531
2026-02-23 21:56,55,80951
2026-02-23 21:28,50.8,74757
2026-02-23 21:07,60.2,88490
2026-02-23 21:05,63.1,92799
2026-02-23 20:30,107,157424
2026-02-23 20:28,109.6,161194
2026-02-23 19:54,147.1,216395
2026-02-23 19:52,149.9,220434
2026-02-23 19:29,162.3,238744
2026-02-23 18:29,162.3,238744
2026-02-23 15:28,162,238206
2026-02-23 12:27,160.7,236321
2026-02-23 12:25,160.5,236052
2026-02-23 11:24,161.2,237129
2026-02-23 11:04,159.8,234975
2026-02-23 10:27,148.1,217741
2026-02-23 09:39,130.7,192160
2026-02-23 09:34,129,189737
2026-02-23 08:55,126.8,186505
2026-02-23 08:53,127.2,187044
2026-02-23 08:10,144,211817
2026-02-23 07:50,155.4,228512
2026-02-23 07:30,154.3,226896
2026-02-23 07:28,155.6,228781
2026-02-23 07:15,158.3,232820
2026-02-23 06:25,143.1,210471
2026-02-23 05:35,127.2,187044
2026-02-23 03:56,96.2,141537
2026-02-23 03:51,94.4,138844
2026-02-23 03:39,90.6,133189
2026-02-23 02:40,72.3,106262
2026-02-23 02:28,67.3,98992
2026-02-23 02:26,68,100069
2026-02-23 01:57,84.9,124842
2026-02-23 01:37,108.9,160117
2026-02-23 01:35,112,164694
2026-02-23 01:27,114,167656
2026-02-23 01:15,110,161732
2026-02-23 00:19,92.4,135882
2026-02-22 23:29,76.3,112186
2026-02-22 23:24,74.6,109763
2026-02-22 22:44,62,91183
2026-02-22 21:51,45.5,66948
2026-02-22 21:31,40.9,60217
2026-02-22 21:26,41.1,60486
2026-02-22 21:14,48.6,71526
2026-02-22 20:15,120,176542
2026-02-22 20:13,122.8,180581
2026-02-22 19:50,152.5,224204
2026-02-22 19:48,155.8,229051
2026-02-22 19:33,162.7,239283
2026-02-22 18:32,162.3,238744
2026-02-22 14:53,162.5,239014
2026-02-22 14:36,162.3,238744
2026-02-22 12:35,162,238206
2026-02-22 12:18,161.6,237667
2026-02-22 11:27,148.6,218549
2026-02-22 11:20,146.2,215048
2026-02-22 11:12,143.9,211548
2026-02-22 10:15,125.5,184621
2026-02-22 09:24,109.6,161194
2026-02-22 07:00,64.8,95222
2026-02-22 06:55,63.1,92799
2026-02-22 06:30,55.6,81758
2026-02-22 05:32,39.1,57524
2026-02-22 05:12,35.1,51600
2026-02-22 04:52,38.8,56985
2026-02-22 04:50,40.2,59139
2026-02-22 04:14,82.3,121072
2026-02-22 04:12,85.8,126188
2026-02-22 03:41,119.9,176273
2026-02-22 03:39,122.6,180312
2026-02-22 03:24,130.9,192429
2026-02-22 02:26,112.5,165502
2026-02-22 01:41,98.4,144768
2026-02-21 22:19,35.8,52677
2026-02-21 22:14,34.4,50523
2026-02-21 21:54,28.3,41637
2026-02-21 21:34,30,44060
2026-02-21 21:32,31.8,46753
2026-02-21 21:04,59.8,87952
2026-02-21 20:08,129.4,190275
2026-02-21 19:48,154.8,227704
2026-02-21 19:46,158,232282
2026-02-21 19:43,160.7,236321
2026-02-21 17:35,162,238206
2026-02-21 16:40,161.8,237937
2026-02-21 15:39,160.9,236590
2026-02-21 15:37,161.1,236859
2026-02-21 13:35,161.6,237667
2026-02-21 13:13,161.1,236859
2026-02-21 12:43,153,225011
2026-02-21 12:36,150.6,221511
2026-02-21 12:13,143.5,211009
2026-02-21 11:18,126.3,185698
2026-02-21 10:23,110.2,162002
2026-02-21 07:51,65.5,96299
2026-02-21 07:46,63.8,93876
2026-02-21 07:24,58.3,85797
2026-02-21 06:28,43.7,64256
2026-02-21 05:32,29.6,43522
2026-02-21 05:12,25.6,37598
2026-02-21 04:52,28.9,42445
2026-02-21 04:50,30.3,44599
2026-02-21 04:27,55,80951
2026-02-21 04:25,58.3,85797
2026-02-21 03:54,96.2,141537
2026-02-21 03:34,116.6,171426
2026-02-21 03:22,119.3,175465
2026-02-21 03:02,113.1,166310
2026-02-21 02:06,95.9,140998
2026-02-21 02:01,94.2,138575
2026-02-21 01:44,88.7,130497
2026-02-21 00:46,70.8,104108
2026-02-21 00:01,56.9,83643
2026-02-20 22:19,25.7,37867
2026-02-20 21:59,20.3,29789
2026-02-20 21:39,23.9,35174
2026-02-20 21:37,25.4,37328
2026-02-20 20:59,67.7,99530
2026-02-20 20:04,135.1,198623
2026-02-20 19:43,160.1,235513
2026-02-20 19:03,162.3,238744
2026-02-20 16:02,161.6,237667
2026-02-20 13:01,161.1,236859
2026-02-20 12:31,160.5,236052
2026-02-20 11:54,148.6,218549
2026-02-20 10:56,130.3,191622
2026-02-20 10:02,114,167656
2026-02-20 09:57,112.4,165233
2026-02-20 09:52,110.7,162809
2026-02-20 08:55,92.8,136421
2026-02-20 08:09,78.9,115956
2026-02-20 05:40,34.2,50253
2026-02-20 05:38,33.6,49446
2026-02-20 05:18,30.1,44329
2026-02-20 04:58,33.8,49715
2026-02-20 04:56,35.3,51869
2026-02-20 04:10,88.2,129689
2026-02-20 04:08,91.7,134805
2026-02-20 03:37,125,183813
2026-02-20 03:35,127.6,187583
2026-02-20 03:22,131,192699
2026-02-20 03:02,124.8,183543
2026-02-20 02:07,107.6,158232
2026-02-20 01:14,91.1,133997
2026-02-20 01:07,88.9,130766
2026-02-20 00:54,85.1,125111
2026-02-19 23:56,67.1,98723
2026-02-19 23:04,50.8,74757
2026-02-19 22:10,34.5,50792
2026-02-19 21:50,29.2,42983
2026-02-19 21:30,34.4,50523
2026-02-19 21:28,36.2,53215
2026-02-19 20:54,72.8,107070
2026-02-19 20:52,76.3,112186
2026-02-19 20:22,114.4,168195
2026-02-19 20:20,116.8,171695
2026-02-19 19:46,156.7,230397
2026-02-19 19:44,159.6,234705
2026-02-19 17:51,161.4,237398
2026-02-19 16:51,160.7,236321
2026-02-19 16:30,156.5,230128
2026-02-19 16:25,158.3,232820
2026-02-19 16:03,160.3,235782
2026-02-19 15:48,156.7,230397
2026-02-19 15:18,161.4,237398
2026-02-19 14:17,161.6,237667
2026-02-19 13:30,161.2,237129
2026-02-19 13:05,155.6,228781
2026-02-19 12:09,141.8,208586
2026-02-19 11:21,127.4,187313
2026-02-19 08:50,81,119187
2026-02-19 08:45,79.4,116764
2026-02-19 08:38,77.6,114071
2026-02-19 07:43,60.9,89567
2026-02-19 06:52,45.3,66679
2026-02-19 06:06,34.4,50523
2026-02-19 05:59,32.7,48099
2026-02-19 05:23,22.6,33289
2026-02-19 05:03,21.2,31135
2026-02-19 05:01,22.1,32481
2026-02-19 04:05,82.5,121341
2026-02-19 04:03,85.8,126188
2026-02-19 03:35,115.5,169811
2026-02-19 03:33,118.2,173850
2026-02-19 03:25,120.4,177081
2026-02-19 03:08,114.9,169003
2026-02-19 02:12,97.9,143960
2026-02-19 01:24,83.1,122149
2026-02-19 01:17,80.7,118649
2026-02-19 00:57,74.5,109493
2026-02-19 00:04,58.2,85528
2026-02-18 23:09,40.9,60217
2026-02-18 22:20,26.3,38675
2026-02-18 22:00,21,30866
2026-02-18 21:40,24.1,35443
2026-02-18 21:38,25.9,38136
2026-02-18 21:07,57.6,84720
2026-02-18 21:05,60.9,89567
2026-02-18 20:33,110.9,163079
2026-02-18 20:31,113.6,167118
2026-02-18 19:49,153.4,225550
2026-02-18 19:47,156.3,229858
2026-02-18 19:37,162.3,238744
2026-02-18 18:36,162.2,238475
2026-02-18 18:26,162.2,238475
2026-02-18 14:42,162,238206
2026-02-18 14:05,161.6,237667
2026-02-18 13:30,154.3,226896
2026-02-18 12:32,136.3,200508
2026-02-18 11:44,121.5,178697
2026-02-18 06:06,28.7,42175
2026-02-18 05:59,26.5,38944
2026-02-18 05:21,19.7,28981
2026-02-18 04:56,19.5,28712
2026-02-18 04:51,20.3,29789
2026-02-18 04:08,69.5,102223
2026-02-18 04:06,72.6,106801
2026-02-18 03:38,102.7,150961
2026-02-18 03:36,105.4,155001
2026-02-18 03:26,110.9,163079
2026-02-18 02:46,98.3,144499
2026-02-18 01:55,82.7,121611
2026-02-17 23:16,33.4,49176
2026-02-17 23:09,31.2,45945
2026-02-17 22:36,21.4,31404
2026-02-17 21:43,19.7,28981
2026-02-17 21:41,19.5,28712
2026-02-17 21:01,67.1,98723
2026-02-17 20:05,133.4,196199
2026-02-17 19:45,158.5,233090
2026-02-17 19:00,161.6,237667
2026-02-17 16:09,161.2,237129
2026-02-17 14:08,161.4,237398
2026-02-17 13:23,161.2,237129
2026-02-17 12:30,149,219087
2026-02-17 11:32,132,194045
2026-02-17 11:27,130.5,191891
2026-02-17 11:12,127,186775
2026-02-17 10:20,112.7,165771
2026-02-17 09:34,99.7,146653
2026-02-17 07:17,58.2,85528
2026-02-17 07:10,56,82297
2026-02-17 06:30,43.3,63717
2026-02-17 06:09,40.6,59678
2026-02-17 06:07,43.9,64525
2026-02-17 05:59,49.7,73142
2026-02-17 05:32,41.3,60755
2026-02-17 05:20,35.5,52138
2026-02-17 04:51,37.5,55100
2026-02-17 04:49,38.8,56985
2026-02-17 04:09,84.3,124034
2026-02-17 04:07,87.5,128612
2026-02-17 03:36,120,176542
2026-02-17 03:34,122.6,180312
2026-02-17 03:24,125.4,184351
2026-02-17 02:26,107.4,157963
2026-02-17 01:28,89.5,131574
2026-02-16 23:02,44.2,65063
2026-02-16 22:55,42,61832
2026-02-16 22:06,27.4,40290
2026-02-16 21:46,23.6,34636
2026-02-16 21:44,24.3,35713
2026-02-16 20:46,86.2,126727
2026-02-16 19:50,151.9,223396
2026-02-16 19:48,155,227973
2026-02-16 19:23,162,238206
2026-02-16 15:31,160.9,236590
2026-02-16 12:30,162,238206
2026-02-16 12:00,162,238206
2026-02-16 10:59,161.2,237129
2026-02-16 10:47,160.7,236321
2026-02-16 10:32,156.7,230397
2026-02-16 09:34,138.4,203470
2026-02-16 08:46,123.3,181389
2026-02-16 05:57,71.2,104647
2026-02-16 05:52,69.5,102223
2026-02-16 05:10,56.9,83643
2026-02-16 04:49,54.5,80143
2026-02-16 04:29,66.9,98453
2026-02-16 04:09,92.8,136421
2026-02-16 04:07,96.2,141537
2026-02-16 03:41,124.1,182466
2026-02-16 03:39,126.6,186236
2026-02-16 03:21,134.7,198084
2026-02-16 02:31,118.8,174657
2026-02-16 01:36,101.4,149077
2026-02-15 22:09,37.1,54562
2026-02-15 21:49,31.2,45945
2026-02-15 21:29,33.6,49446
2026-02-15 21:27,35.1,51600
2026-02-15 21:04,58.3,85797
2026-02-15 20:08,127.9,188121
2026-02-15 19:48,153.6,225819
2026-02-15 19:46,156.9,230666
2026-02-15 19:21,161.2,237129
2026-02-15 17:20,161.8,237937
2026-02-15 13:39,162.2,238475
2026-02-15 13:32,162.2,238475
2026-02-15 11:31,161.6,237667
2026-02-15 11:06,160.7,236321
2026-02-15 10:46,155,227973
2026-02-15 09:51,137.4,202123
2026-02-15 08:49,120.6,177350
2026-02-15 08:42,118.2,173850
2026-02-15 07:57,104.7,153923
2026-02-15 07:01,92.2,135613
2026-02-15 06:11,82.3,121072
2026-02-15 05:20,66.4,97645
2026-02-15 05:00,62,91183
2026-02-15 04:48,66,97107
2026-02-15 04:46,67.7,99530
2026-02-15 04:15,91.5,134536
2026-02-15 04:13,94.8,139383
2026-02-15 03:37,134.1,197276
2026-02-15 03:35,136.9,201315
2026-02-15 03:27,141.8,208586
2026-02-15 03:12,136.7,201046
2026-02-15 02:14,118.4,174119
2026-02-14 22:20,44.2,65063
2026-02-14 22:13,42,61832
2026-02-14 21:52,36.2,53215
2026-02-14 21:32,36.9,54293
2026-02-14 21:30,38.6,56716
2026-02-14 21:05,59.4,87413
2026-02-14 20:09,128.7,189198
2026-02-14 19:49,153,225011
2026-02-14 19:47,156.3,229858
2026-02-14 19:24,161.4,237398
2026-02-14 16:22,161.6,237667
2026-02-14 15:32,161.2,237129
2026-02-14 13:31,161.6,237667
2026-02-14 12:56,160.9,236590
2026-02-14 12:08,146.4,215318
2026-02-14 11:21,129.2,190006
2026-02-14 11:16,127.7,187852
2026-02-14 11:06,124.4,183005
2026-02-14 10:09,107,157424
2026-02-14 09:13,90.4,132920
2026-02-14 06:46,48.3,70987
2026-02-14 06:41,46.6,68564
2026-02-14 06:29,42.8,62909
2026-02-14 05:31,24.8,36521
2026-02-14 05:24,23.2,34097
2026-02-14 04:59,49.6,72872
2026-02-14 04:03,109.6,161194
2026-02-14 03:42,131.4,193237
2026-02-14 03:40,134.5,197815
2026-02-14 03:25,142,208855
2026-02-14 03:07,136.3,200508
2026-02-14 02:12,118.8,174657
2026-02-13 22:10,43,63179
2026-02-13 21:50,36.9,54293
2026-02-13 21:38,40,58870
2026-02-13 21:36,41.9,61563
2026-02-13 20:30,107.8,158501
2026-02-13 20:28,111.1,163348
2026-02-13 19:54,147.9,217472
2026-02-13 19:52,150.6,221511
2026-02-13 19:24,162,238206
2026-02-13 16:23,161.2,237129
2026-02-13 15:33,162.3,238744
2026-02-13 13:32,161.6,237667
2026-02-13 13:02,160.9,236590
2026-02-13 12:25,150.3,220972
2026-02-13 11:29,132.5,194853
2026-02-13 10:33,115.5,169811
2026-02-13 10:28,113.8,167387
2026-02-13 09:51,102.3,150423
2026-02-13 08:55,86,126458
2026-02-13 08:50,84.9,124842
2026-02-13 08:03,75.6,111109
2026-02-13 07:07,58.2,85528
2026-02-13 06:21,43.9,64525
2026-02-13 06:14,41.5,61024
2026-02-13 06:06,39.1,57524
2026-02-13 05:13,22.5,33020
2026-02-13 05:11,21.5,31674
2026-02-13 05:01,19.9,29250
2026-02-13 04:03,86,126458
2026-02-13 03:43,107.4,157963
2026-02-13 03:41,110.7,162809
2026-02-13 03:28,119.7,176004
2026-02-13 03:18,116.4,171157
2026-02-13 02:23,98.6,145037
2026-02-12 22:59,33.6,49446
2026-02-12 22:52,31.2,45945
2026-02-12 22:18,21.4,31404
2026-02-12 21:56,19.7,28981
2026-02-12 21:35,26.8,39483
2026-02-12 21:33,28.9,42445
2026-02-12 20:43,88.2,129689
2026-02-12 20:41,91.5,134536
2026-02-12 20:15,121.7,178966
2026-02-12 20:13,124.4,183005
2026-02-12 19:50,152.5,224204
2026-02-12 19:48,155.6,228781
2026-02-12 18:50,161.8,237937
2026-02-12 15:48,162.3,238744
2026-02-12 15:08,162.2,238475
2026-02-12 13:07,161.6,237667
2026-02-12 12:50,161.4,237398
2026-02-12 12:30,158.1,232551
2026-02-12 11:34,140.2,206162
2026-02-12 11:29,138.7,204008
2026-02-12 10:37,121.7,178966
2026-02-12 09:46,105.8,155539
2026-02-12 08:58,90.6,133189
2026-02-12 05:49,30,44060
2026-02-12 05:42,27.6,40560
2026-02-12 05:19,21,30866
2026-02-12 04:19,19.7,28981
2026-02-12 04:12,19.5,28712
2026-02-12 03:30,88.7,130497
2026-02-12 02:53,113.3,166579
2026-02-12 02:30,115.5,169811
2026-02-12 02:25,113.8,167387
2026-02-12 01:53,103.6,152308
2026-02-12 01:00,86.7,127535
2026-02-12 00:10,71,104377
2026-02-11 21:41,27.9,41098
2026-02-11 21:39,27.4,40290
2026-02-11 21:11,55,80951
2026-02-11 20:15,121.9,179235
2026-02-11 20:13,124.8,183543
2026-02-11 19:50,151.9,223396
2026-02-11 19:48,155,227973
2026-02-11 19:43,160.5,236052
2026-02-11 18:30,162,238206
2026-02-11 15:29,161.4,237398
2026-02-11 14:57,161.4,237398
2026-02-11 12:55,161.4,237398
2026-02-11 12:43,161.2,237129
2026-02-11 12:20,159.6,234705
2026-02-11 11:27,142.6,209663
2026-02-11 10:42,128.5,188929
2026-02-11 08:51,93.3,137229
2026-02-11 08:46,91.7,134805
2026-02-11 08:01,77.6,114071
2026-02-11 07:06,60.7,89298
2026-02-11 06:10,43.3,63717
2026-02-11 05:14,25.9,38136
2026-02-11 05:07,23.7,34905
2026-02-11 04:14,85.3,125381
2026-02-11 03:54,109.1,160386
2026-02-11 03:52,112.2,164964
2026-02-11 03:44,116.6,171426
2026-02-11 02:59,102.1,150154
2026-02-11 02:01,83.6,122957
2026-02-11 01:08,66.8,98184
2026-02-11 01:03,65.3,96030
2026-02-11 00:46,59.6,87682
2026-02-10 23:48,41.5,61024
2026-02-10 22:57,25.7,37867
2026-02-10 22:55,25,36790
2026-02-10 21:59,19.7,28981
2026-02-10 21:39,20.6,30327
2026-02-10 21:37,22.6,33289
2026-02-10 21:07,57.6,84720
2026-02-10 20:11,125.5,184621
2026-02-10 19:51,150.8,221780
2026-02-10 19:49,154.3,226896
2026-02-10 19:04,160.9,236590
2026-02-10 18:03,161.1,236859
2026-02-10 15:01,161.8,237937
2026-02-10 14:54,157.8,232054
2026-02-10 14:50,151.6,222961
2026-02-10 14:33,141.6,208256
2026-02-10 14:29,141.6,208256
